part,arm,policy,split_fit,alpha,band_mode,campus,regime,u,beta,rho,seed,inst_id,n_wos,rule,m0_alone,oracle,rule_sup,m0_sup,m0_sup_revfrac,m0_sup_orr,rule_sup_revfrac,rule_sup_orr
cov,stability,stability,1,0.1,global,9,storm2,100,0.0,0.25,303,c09_storm2_w80_u100_0020,2253,1253.379200,1308.914400,963.206400,1022.534800,1020.976400,0.2490,0.0576,0.2500,0.0502
cov,stability,stability,1,0.1,global,9,storm2,100,0.0,0.25,303,c09_storm2_w80_u100_0021,2253,899.342800,921.653600,837.866800,849.909600,890.380800,0.2382,0.0255,0.2502,0.0243
cov,stability,stability,1,0.1,global,9,storm2,100,0.0,0.25,303,c09_storm2_w80_u100_0022,2253,746.395200,757.112000,721.241600,721.967200,726.678000,0.2441,0.0270,0.2423,0.0083
cov,stability,stability,1,0.1,global,9,storm2,100,0.0,0.25,303,c09_storm2_w80_u100_0023,2253,3295.356000,3449.926800,2013.730000,2600.203600,2601.756400,0.2487,0.0991,0.2491,0.1040
cov,stability,stability,1,0.1,global,9,storm2,100,0.0,0.25,303,c09_storm2_w80_u100_0024,2253,1762.665600,1875.323600,1427.994000,1601.576400,1539.182400,0.2475,0.0458,0.2502,0.0404
cov,stability,stability,1,0.1,global,9,storm2,100,0.0,0.25,303,c09_storm2_w80_u100_0025,2253,2723.120800,2836.736000,1673.843200,2349.543400,2297.970800,0.2503,0.0625,0.2504,0.0517
cov,stability,stability,1,0.1,global,9,storm2,100,0.0,0.25,303,c09_storm2_w80_u100_0026,2253,3223.762400,3409.424000,2254.060000,3040.927200,3235.084400,0.2488,0.0329,0.2503,0.0376
cov,stability,stability,1,0.1,global,9,storm2,100,0.0,0.25,303,c09_storm2_w80_u100_0027,2253,1435.314400,1448.150800,1102.271200,1204.332000,1147.226400,0.2498,0.0404,0.2502,0.0530
cov,stability,stability,1,0.1,global,9,storm2,100,0.0,0.25,303,c09_storm2_w80_u100_0028,2253,1057.082800,1006.902400,790.313600,977.658400,890.326400,0.2500,0.0302,0.2503,0.0328
cov,stability,stability,1,0.1,global,9,storm2,100,0.0,0.25,303,c09_storm2_w80_u100_0029,2253,1275.659600,1346.578000,875.928000,1052.200400,1105.853600,0.2496,0.0354,0.2501,0.0266
cov,stability,stability,1,0.1,global,9,storm2,100,0.5,0.25,302,c09_storm2_w80_u100_0020,2253,1838.122400,1638.457600,1422.251200,1632.839200,1471.222400,0.2497,0.0526,0.2504,0.0979
cov,stability,stability,1,0.1,global,9,storm2,100,0.5,0.25,302,c09_storm2_w80_u100_0021,2253,1665.790400,1650.393200,1492.630400,1601.972400,1623.832800,0.2502,0.0243,0.2502,0.0809
cov,stability,stability,1,0.1,global,9,storm2,100,0.5,0.25,302,c09_storm2_w80_u100_0022,2253,1031.454400,1009.305600,962.292000,990.545600,975.000800,0.2439,0.0162,0.2437,0.0301
cov,stability,stability,1,0.1,global,9,storm2,100,0.5,0.25,302,c09_storm2_w80_u100_0023,2253,4967.170800,3262.170000,2516.662800,3636.304000,2855.405600,0.2421,0.1039,0.2491,0.1560
cov,stability,stability,1,0.1,global,9,storm2,100,0.5,0.25,302,c09_storm2_w80_u100_0024,2253,2876.723200,2135.296400,1515.380400,1926.003200,1817.812800,0.2382,0.0557,0.2445,0.0956
cov,stability,stability,1,0.1,global,9,storm2,100,0.5,0.25,302,c09_storm2_w80_u100_0025,2253,5043.732800,3260.948000,2624.646400,4041.040800,3051.394800,0.2423,0.0278,0.2380,0.1158
cov,stability,stability,1,0.1,global,9,storm2,100,0.5,0.25,302,c09_storm2_w80_u100_0026,2253,3477.431200,2268.013200,1862.048800,2434.024400,2125.752400,0.2501,0.0471,0.2503,0.0965
cov,stability,stability,1,0.1,global,9,storm2,100,0.5,0.25,302,c09_storm2_w80_u100_0027,2253,2171.385200,1648.184400,1475.724000,1688.998000,1573.651600,0.2388,0.0371,0.2483,0.0893
cov,stability,stability,1,0.1,global,9,storm2,100,0.5,0.25,302,c09_storm2_w80_u100_0028,2253,1867.111600,1569.950400,1522.420800,1798.492000,1565.163200,0.2502,0.0076,0.2505,0.0582
cov,stability,stability,1,0.1,global,9,storm2,100,0.5,0.25,302,c09_storm2_w80_u100_0029,2253,3026.057200,1745.816800,1119.128400,2032.940800,1506.974800,0.2389,0.0371,0.2496,0.0756
cov,stability,stability,1,0.1,global,9,storm2,100,0.75,0.25,301,c09_storm2_w80_u100_0020,2253,1970.798400,1627.260000,1483.052800,1768.790400,1494.141600,0.2500,0.0502,0.2500,0.1005
cov,stability,stability,1,0.1,global,9,storm2,100,0.75,0.25,301,c09_storm2_w80_u100_0021,2253,2264.009600,1966.218800,1971.832800,2233.574800,1940.088800,0.2505,0.0134,0.2502,0.0755
cov,stability,stability,1,0.1,global,9,storm2,100,0.75,0.25,301,c09_storm2_w80_u100_0022,2253,1037.825200,932.688000,943.385600,975.746000,933.411200,0.2469,0.0160,0.2423,0.0276
cov,stability,stability,1,0.1,global,9,storm2,100,0.75,0.25,301,c09_storm2_w80_u100_0023,2253,5139.423200,3010.768400,2455.561600,3468.972000,2835.380800,0.2455,0.1048,0.2479,0.2043
cov,stability,stability,1,0.1,global,9,storm2,100,0.75,0.25,301,c09_storm2_w80_u100_0024,2253,3391.733200,1879.629600,1671.604000,2158.225200,1798.954800,0.2309,0.0438,0.2438,0.1192
cov,stability,stability,1,0.1,global,9,storm2,100,0.75,0.25,301,c09_storm2_w80_u100_0025,2253,5774.884000,3099.481200,2693.900800,4818.159600,3036.108800,0.2402,0.0211,0.2448,0.1264
cov,stability,stability,1,0.1,global,9,storm2,100,0.75,0.25,301,c09_storm2_w80_u100_0026,2253,3948.285600,1931.151200,1935.640400,2689.310400,1938.973200,0.2501,0.0141,0.2503,0.1318
cov,stability,stability,1,0.1,global,9,storm2,100,0.75,0.25,301,c09_storm2_w80_u100_0027,2253,2795.221600,2002.570400,1847.675600,2207.232800,1855.544000,0.2470,0.0231,0.2483,0.0969
cov,stability,stability,1,0.1,global,9,storm2,100,0.75,0.25,301,c09_storm2_w80_u100_0028,2253,1959.486400,1494.566800,1501.540800,1871.776800,1496.100800,0.2505,0.0025,0.2505,0.0633
cov,stability,stability,1,0.1,global,9,storm2,100,0.75,0.25,301,c09_storm2_w80_u100_0029,2253,4020.284800,1706.720400,1393.838000,2408.842000,1583.637600,0.2393,0.0255,0.2446,0.1111
cov,stability,stability,1,0.1,global,9,storm2,100,0.75,0.25,302,c09_storm2_w80_u100_0020,2253,1970.798400,1566.996800,1483.052800,1763.721600,1454.959200,0.2479,0.0337,0.2482,0.1060
cov,stability,stability,1,0.1,global,9,storm2,100,0.75,0.25,302,c09_storm2_w80_u100_0021,2253,2264.009600,1969.628000,1971.832800,2232.127600,1932.019200,0.2505,0.0135,0.2502,0.0782
cov,stability,stability,1,0.1,global,9,storm2,100,0.75,0.25,302,c09_storm2_w80_u100_0022,2253,1037.825200,915.188800,943.385600,977.579600,920.961600,0.2447,0.0162,0.2410,0.0278
cov,stability,stability,1,0.1,global,9,storm2,100,0.75,0.25,302,c09_storm2_w80_u100_0023,2253,5139.423200,2957.618800,2455.561600,3577.098000,2896.736000,0.2428,0.0889,0.2468,0.1838
cov,stability,stability,1,0.1,global,9,storm2,100,0.75,0.25,302,c09_storm2_w80_u100_0024,2253,3391.733200,1991.396800,1671.604000,2219.862800,1778.504800,0.2368,0.0346,0.2438,0.1036
cov,stability,stability,1,0.1,global,9,storm2,100,0.75,0.25,302,c09_storm2_w80_u100_0025,2253,5774.884000,3112.622800,2693.900800,4585.360400,2942.642800,0.2418,0.0279,0.2409,0.1355
cov,stability,stability,1,0.1,global,9,storm2,100,0.75,0.25,302,c09_storm2_w80_u100_0026,2253,3948.285600,1909.438800,1935.640400,3190.577200,1898.210000,0.2496,0.0165,0.2503,0.1153
cov,stability,stability,1,0.1,global,9,storm2,100,0.75,0.25,302,c09_storm2_w80_u100_0027,2253,2795.221600,1992.178400,1847.675600,2253.844800,1871.402000,0.2389,0.0186,0.2483,0.1020
cov,stability,stability,1,0.1,global,9,storm2,100,0.75,0.25,302,c09_storm2_w80_u100_0028,2253,1959.486400,1500.805200,1501.540800,1869.996000,1493.474800,0.2502,0.0051,0.2502,0.0633
cov,stability,stability,1,0.1,global,9,storm2,100,0.75,0.25,302,c09_storm2_w80_u100_0029,2253,4020.284800,1994.466000,1393.838000,3039.721200,1651.404400,0.2378,0.0372,0.2435,0.0979
cov,stability,stability,1,0.1,global,9,storm2,100,0.75,0.25,303,c09_storm2_w80_u100_0020,2253,1970.798400,1598.557600,1483.052800,1789.010800,1488.617200,0.2500,0.0598,0.2500,0.0957
cov,stability,stability,1,0.1,global,9,storm2,100,0.75,0.25,303,c09_storm2_w80_u100_0021,2253,2264.009600,1951.667200,1971.832800,2233.348800,1927.084800,0.2502,0.0108,0.2502,0.0647
cov,stability,stability,1,0.1,global,9,storm2,100,0.75,0.25,303,c09_storm2_w80_u100_0022,2253,1037.825200,963.318400,943.385600,977.579600,947.871600,0.2462,0.0161,0.2423,0.0276
cov,stability,stability,1,0.1,global,9,storm2,100,0.75,0.25,303,c09_storm2_w80_u100_0023,2253,5139.423200,2923.250400,2455.561600,3672.964000,2796.888000,0.2427,0.0867,0.2473,0.1833
cov,stability,stability,1,0.1,global,9,storm2,100,0.75,0.25,303,c09_storm2_w80_u100_0024,2253,3391.733200,1971.740400,1671.604000,2452.743600,1798.122800,0.2387,0.0475,0.2432,0.0935
cov,stability,stability,1,0.1,global,9,storm2,100,0.75,0.25,303,c09_storm2_w80_u100_0025,2253,5774.884000,3294.050800,2693.900800,4428.646400,3170.903600,0.2418,0.0372,0.2425,0.1531
cov,stability,stability,1,0.1,global,9,storm2,100,0.75,0.25,303,c09_storm2_w80_u100_0026,2253,3948.285600,2005.568400,1935.640400,2889.886800,1969.346400,0.2500,0.0235,0.2503,0.1224
cov,stability,stability,1,0.1,global,9,storm2,100,0.75,0.25,303,c09_storm2_w80_u100_0027,2253,2795.221600,1904.486400,1847.675600,2170.252400,1860.982400,0.2464,0.0257,0.2483,0.0918
cov,stability,stability,1,0.1,global,9,storm2,100,0.75,0.25,303,c09_storm2_w80_u100_0028,2253,1959.486400,1510.372800,1501.540800,1872.909600,1509.205600,0.2503,0.0051,0.2502,0.0658
cov,stability,stability,1,0.1,global,9,storm2,100,0.75,0.25,303,c09_storm2_w80_u100_0029,2253,4020.284800,2096.902000,1393.838000,2959.519200,1933.056800,0.2485,0.0335,0.2418,0.0986
cov,stability,stability,1,0.1,global,9,storm2,100,1.0,0.25,301,c09_storm2_w80_u100_0020,2253,2113.920800,1662.214000,1660.290800,1989.608000,1641.936400,0.2482,0.0193,0.2470,0.0630
cov,stability,stability,1,0.1,global,9,storm2,100,1.0,0.25,301,c09_storm2_w80_u100_0021,2253,2468.501600,2133.593600,2178.691200,2461.676400,2169.487200,0.2502,0.0216,0.2502,0.0863
cov,stability,stability,1,0.1,global,9,storm2,100,1.0,0.25,301,c09_storm2_w80_u100_0022,2253,1216.011200,1061.432000,991.862400,1106.802400,1034.048000,0.2469,0.0080,0.2443,0.0219
cov,stability,stability,1,0.1,global,9,storm2,100,1.0,0.25,301,c09_storm2_w80_u100_0023,2253,5676.362400,2745.140000,2621.206400,3931.730000,2679.192000,0.2434,0.0889,0.2456,0.1583
cov,stability,stability,1,0.1,global,9,storm2,100,1.0,0.25,301,c09_storm2_w80_u100_0024,2253,4396.206800,2051.387600,1996.894800,3047.573600,1986.388000,0.2454,0.0180,0.2342,0.1541
cov,stability,stability,1,0.1,global,9,storm2,100,1.0,0.25,301,c09_storm2_w80_u100_0025,2253,6411.756400,2647.924000,2533.840800,4093.412000,2574.288800,0.2424,0.0186,0.2392,0.1624
cov,stability,stability,1,0.1,global,9,storm2,100,1.0,0.25,301,c09_storm2_w80_u100_0026,2253,5006.202000,1948.698400,1938.243600,3770.215600,1935.583200,0.2496,0.0142,0.2497,0.1415
cov,stability,stability,1,0.1,global,9,storm2,100,1.0,0.25,301,c09_storm2_w80_u100_0027,2253,2535.368000,1667.889200,1685.882800,1976.170000,1661.704400,0.2483,0.0051,0.2451,0.0749
cov,stability,stability,1,0.1,global,9,storm2,100,1.0,0.25,301,c09_storm2_w80_u100_0028,2253,2083.722400,1310.053200,1316.495200,2057.079600,1310.324400,0.2498,0.0076,0.2498,0.0685
cov,stability,stability,1,0.1,global,9,storm2,100,1.0,0.25,301,c09_storm2_w80_u100_0029,2253,4540.255600,1433.496400,1226.778800,2220.143200,1294.924800,0.2436,0.0159,0.2396,0.1250
cov,stability,stability,1,0.1,global,9,storm2,100,1.0,0.25,302,c09_storm2_w80_u100_0020,2253,2113.920800,1645.401200,1660.290800,1962.843200,1645.472000,0.2448,0.0049,0.2488,0.0601
cov,stability,stability,1,0.1,global,9,storm2,100,1.0,0.25,302,c09_storm2_w80_u100_0021,2253,2468.501600,2138.176000,2178.691200,2422.290000,2139.761600,0.2502,0.0081,0.2495,0.0892
cov,stability,stability,1,0.1,global,9,storm2,100,1.0,0.25,302,c09_storm2_w80_u100_0022,2253,1216.011200,1046.453200,991.862400,1052.708800,1025.108000,0.2460,0.0081,0.2483,0.0270
cov,stability,stability,1,0.1,global,9,storm2,100,1.0,0.25,302,c09_storm2_w80_u100_0023,2253,5676.362400,2834.931200,2621.206400,4365.714400,2665.379600,0.2412,0.0243,0.2485,0.1611
cov,stability,stability,1,0.1,global,9,storm2,100,1.0,0.25,302,c09_storm2_w80_u100_0024,2253,4396.206800,2106.081600,1996.894800,3306.802800,2039.139600,0.2453,0.0284,0.2407,0.1417
cov,stability,stability,1,0.1,global,9,storm2,100,1.0,0.25,302,c09_storm2_w80_u100_0025,2253,6411.756400,2845.075200,2533.840800,4332.501200,2706.324000,0.2428,0.0208,0.2442,0.1544
cov,stability,stability,1,0.1,global,9,storm2,100,1.0,0.25,302,c09_storm2_w80_u100_0026,2253,5006.202000,1942.794400,1938.243600,3899.965600,1937.586800,0.2499,0.0118,0.2491,0.1348
cov,stability,stability,1,0.1,global,9,storm2,100,1.0,0.25,302,c09_storm2_w80_u100_0027,2253,2535.368000,1659.712400,1685.882800,1956.946000,1658.242800,0.2478,0.0076,0.2476,0.0742
cov,stability,stability,1,0.1,global,9,storm2,100,1.0,0.25,302,c09_storm2_w80_u100_0028,2253,2083.722400,1314.971200,1316.495200,2030.835200,1317.278400,0.2500,0.0101,0.2498,0.0584
cov,stability,stability,1,0.1,global,9,storm2,100,1.0,0.25,302,c09_storm2_w80_u100_0029,2253,4540.255600,1541.305200,1226.778800,2498.454000,1409.329600,0.2416,0.0115,0.2440,0.1273
cov,stability,stability,1,0.1,global,9,storm2,100,1.0,0.25,303,c09_storm2_w80_u100_0020,2253,2113.920800,1635.444000,1660.290800,1989.224400,1646.896000,0.2457,0.0170,0.2488,0.0769
cov,stability,stability,1,0.1,global,9,storm2,100,1.0,0.25,303,c09_storm2_w80_u100_0021,2253,2468.501600,2129.132800,2178.691200,2381.196800,2134.196800,0.2502,0.0054,0.2495,0.1000
cov,stability,stability,1,0.1,global,9,storm2,100,1.0,0.25,303,c09_storm2_w80_u100_0022,2253,1216.011200,1025.750000,991.862400,1106.802400,1022.044400,0.2417,0.0110,0.2430,0.0220
cov,stability,stability,1,0.1,global,9,storm2,100,1.0,0.25,303,c09_storm2_w80_u100_0023,2253,5676.362400,2834.243600,2621.206400,3961.600400,2858.916800,0.2346,0.0150,0.2456,0.1487
cov,stability,stability,1,0.1,global,9,storm2,100,1.0,0.25,303,c09_storm2_w80_u100_0024,2253,4396.206800,2156.990000,1996.894800,2718.562000,2032.996400,0.2393,0.0184,0.2451,0.1443
cov,stability,stability,1,0.1,global,9,storm2,100,1.0,0.25,303,c09_storm2_w80_u100_0025,2253,6411.756400,2680.523200,2533.840800,4161.250000,2590.730800,0.2433,0.0254,0.2409,0.1986
cov,stability,stability,1,0.1,global,9,storm2,100,1.0,0.25,303,c09_storm2_w80_u100_0026,2253,5006.202000,2002.479200,1938.243600,3852.322400,1961.290400,0.2493,0.0142,0.2491,0.1253
cov,stability,stability,1,0.1,global,9,storm2,100,1.0,0.25,303,c09_storm2_w80_u100_0027,2253,2535.368000,1693.357600,1685.882800,1945.946400,1666.589600,0.2478,0.0102,0.2476,0.0742
cov,stability,stability,1,0.1,global,9,storm2,100,1.0,0.25,303,c09_storm2_w80_u100_0028,2253,2083.722400,1307.949200,1316.495200,2087.302800,1308.960000,0.2497,0.0025,0.2498,0.0609
cov,stability,stability,1,0.1,global,9,storm2,100,1.0,0.25,303,c09_storm2_w80_u100_0029,2253,4540.255600,1337.338800,1226.778800,3182.406400,1282.085600,0.2461,0.0135,0.2424,0.1076
cov,stability,stability,1,0.1,global,9,storm2,100,0.5,0.25,301,c09_storm2_w80_u100_0020,2253,1838.122400,1736.702400,1422.251200,1562.184000,1414.676800,0.2501,0.0667,0.2475,0.1014
cov,stability,stability,1,0.1,global,9,storm2,100,0.5,0.25,301,c09_storm2_w80_u100_0021,2253,1665.790400,1694.744000,1492.630400,1618.697200,1595.472400,0.2502,0.0216,0.2502,0.0809
cov,stability,stability,1,0.1,global,9,storm2,100,0.5,0.25,301,c09_storm2_w80_u100_0022,2253,1031.454400,1050.226400,962.292000,990.545600,1042.380400,0.2460,0.0188,0.2417,0.0304
cov,stability,stability,1,0.1,global,9,storm2,100,0.5,0.25,301,c09_storm2_w80_u100_0023,2253,4967.170800,3262.749200,2516.662800,3289.214400,2746.680400,0.2453,0.0788,0.2479,0.1686
cov,stability,stability,1,0.1,global,9,storm2,100,0.5,0.25,301,c09_storm2_w80_u100_0024,2253,2876.723200,2455.132800,1515.380400,1933.720400,1780.180000,0.2502,0.0451,0.2470,0.0870
cov,stability,stability,1,0.1,global,9,storm2,100,0.5,0.25,301,c09_storm2_w80_u100_0025,2253,5043.732800,3421.447200,2624.646400,4023.558000,3003.979600,0.2445,0.0299,0.2437,0.1155
cov,stability,stability,1,0.1,global,9,storm2,100,0.5,0.25,301,c09_storm2_w80_u100_0026,2253,3477.431200,2307.128000,1862.048800,2314.131600,1922.688400,0.2500,0.0520,0.2503,0.0988
cov,stability,stability,1,0.1,global,9,storm2,100,0.5,0.25,301,c09_storm2_w80_u100_0027,2253,2171.385200,2019.586400,1475.724000,1685.385600,1616.954400,0.2424,0.0313,0.2464,0.0848
cov,stability,stability,1,0.1,global,9,storm2,100,0.5,0.25,301,c09_storm2_w80_u100_0028,2253,1867.111600,1600.823200,1522.420800,1817.089600,1518.228800,0.2502,0.0127,0.2502,0.0506
cov,stability,stability,1,0.1,global,9,storm2,100,0.5,0.25,301,c09_storm2_w80_u100_0029,2253,3026.057200,1801.589200,1119.128400,1666.188400,1379.373600,0.2503,0.0377,0.2501,0.0776
cov,stability,stability,1,0.1,global,9,storm2,100,0.25,0.25,302,c09_storm2_w80_u100_0020,2253,1496.278800,1491.578800,1173.754800,1355.191600,1315.929600,0.2488,0.0476,0.2457,0.0730
cov,stability,stability,1,0.1,global,9,storm2,100,0.25,0.25,302,c09_storm2_w80_u100_0021,2253,1480.727600,1486.508400,1302.063600,1403.798000,1360.478000,0.2505,0.0215,0.2502,0.0701
cov,stability,stability,1,0.1,global,9,storm2,100,0.25,0.25,302,c09_storm2_w80_u100_0022,2253,973.188800,1027.952400,902.748000,936.001600,989.627200,0.2485,0.0267,0.2403,0.0251
cov,stability,stability,1,0.1,global,9,storm2,100,0.25,0.25,302,c09_storm2_w80_u100_0023,2253,3998.716800,2937.254800,2221.794800,2812.106800,2479.940400,0.2446,0.0718,0.2501,0.1294
cov,stability,stability,1,0.1,global,9,storm2,100,0.25,0.25,302,c09_storm2_w80_u100_0024,2253,2138.638000,1954.896000,1383.825600,1395.666800,1476.051600,0.2503,0.0504,0.2502,0.0732
cov,stability,stability,1,0.1,global,9,storm2,100,0.25,0.25,302,c09_storm2_w80_u100_0025,2253,3867.258000,3087.988800,1955.086800,2818.380000,2449.534800,0.2438,0.0485,0.2420,0.1093
cov,stability,stability,1,0.1,global,9,storm2,100,0.25,0.25,302,c09_storm2_w80_u100_0026,2253,3123.791600,2300.347200,1884.976800,2165.166000,2029.831200,0.2500,0.0495,0.2503,0.0847
cov,stability,stability,1,0.1,global,9,storm2,100,0.25,0.25,302,c09_storm2_w80_u100_0027,2253,1923.480400,1671.764000,1443.802000,1551.911200,1493.480800,0.2502,0.0278,0.2502,0.0709
cov,stability,stability,1,0.1,global,9,storm2,100,0.25,0.25,302,c09_storm2_w80_u100_0028,2253,1599.898800,1392.041600,1218.803200,1533.916400,1297.396000,0.2498,0.0177,0.2502,0.0506
cov,stability,stability,1,0.1,global,9,storm2,100,0.25,0.25,302,c09_storm2_w80_u100_0029,2253,2274.121200,1895.190800,1117.632800,1618.112000,1510.714400,0.2503,0.0332,0.2501,0.0599
cov,stability,stability,1,0.1,global,9,storm2,100,0.25,0.25,301,c09_storm2_w80_u100_0020,2253,1496.278800,1410.344000,1173.754800,1354.974000,1271.935600,0.2497,0.0477,0.2463,0.0850
cov,stability,stability,1,0.1,global,9,storm2,100,0.25,0.25,301,c09_storm2_w80_u100_0021,2253,1480.727600,1517.978800,1302.063600,1398.364400,1298.340400,0.2446,0.0302,0.2502,0.0647
cov,stability,stability,1,0.1,global,9,storm2,100,0.25,0.25,301,c09_storm2_w80_u100_0022,2253,973.188800,993.919200,902.748000,936.001600,1005.334000,0.2474,0.0187,0.2436,0.0220
cov,stability,stability,1,0.1,global,9,storm2,100,0.25,0.25,301,c09_storm2_w80_u100_0023,2253,3998.716800,3348.243600,2221.794800,3016.550000,2485.424400,0.2390,0.1076,0.2503,0.1200
cov,stability,stability,1,0.1,global,9,storm2,100,0.25,0.25,301,c09_storm2_w80_u100_0024,2253,2138.638000,2062.527600,1383.825600,1404.876800,1446.161600,0.2346,0.0536,0.2495,0.0759
cov,stability,stability,1,0.1,global,9,storm2,100,0.25,0.25,301,c09_storm2_w80_u100_0025,2253,3867.258000,3434.658800,1955.086800,3312.320000,2499.235600,0.2415,0.0719,0.2442,0.0968
cov,stability,stability,1,0.1,global,9,storm2,100,0.25,0.25,301,c09_storm2_w80_u100_0026,2253,3123.791600,2772.642000,1884.976800,2277.875200,2135.807600,0.2501,0.0539,0.2503,0.0800
cov,stability,stability,1,0.1,global,9,storm2,100,0.25,0.25,301,c09_storm2_w80_u100_0027,2253,1923.480400,1637.219200,1443.802000,1561.211200,1425.315200,0.2397,0.0289,0.2502,0.0734
cov,stability,stability,1,0.1,global,9,storm2,100,0.25,0.25,301,c09_storm2_w80_u100_0028,2253,1599.898800,1484.098000,1218.803200,1540.688800,1417.771600,0.2498,0.0203,0.2502,0.0532
cov,stability,stability,1,0.1,global,9,storm2,100,0.25,0.25,301,c09_storm2_w80_u100_0029,2253,2274.121200,1754.788400,1117.632800,1370.535600,1282.073200,0.2384,0.0509,0.2501,0.0599
cov,stability,stability,1,0.1,global,9,storm2,100,0.0,0.25,301,c09_storm2_w80_u100_0020,2253,1253.379200,1264.723200,963.206400,1061.694400,1018.465600,0.2494,0.0528,0.2482,0.0530
cov,stability,stability,1,0.1,global,9,storm2,100,0.0,0.25,301,c09_storm2_w80_u100_0021,2253,899.342800,907.839200,837.866800,851.581200,868.581600,0.2500,0.0270,0.2502,0.0243
cov,stability,stability,1,0.1,global,9,storm2,100,0.0,0.25,301,c09_storm2_w80_u100_0022,2253,746.395200,749.228800,721.241600,721.967200,723.700800,0.2477,0.0216,0.2430,0.0138
cov,stability,stability,1,0.1,global,9,storm2,100,0.0,0.25,301,c09_storm2_w80_u100_0023,2253,3295.356000,3324.389600,2013.730000,2585.142000,2820.061600,0.2503,0.0869,0.2503,0.1012
cov,stability,stability,1,0.1,global,9,storm2,100,0.0,0.25,301,c09_storm2_w80_u100_0024,2253,1762.665600,1762.668400,1427.994000,1602.868800,1584.020400,0.2503,0.0379,0.2502,0.0404
cov,stability,stability,1,0.1,global,9,storm2,100,0.0,0.25,301,c09_storm2_w80_u100_0025,2253,2723.120800,2894.294000,1673.843200,2298.927800,2471.335400,0.2494,0.0586,0.2504,0.0584
cov,stability,stability,1,0.1,global,9,storm2,100,0.0,0.25,301,c09_storm2_w80_u100_0026,2253,3223.762400,3312.250800,2254.060000,3061.706800,2822.176800,0.2500,0.0376,0.2503,0.0353
cov,stability,stability,1,0.1,global,9,storm2,100,0.0,0.25,301,c09_storm2_w80_u100_0027,2253,1435.314400,1446.501600,1102.271200,1169.565600,1121.026800,0.2503,0.0504,0.2500,0.0581
cov,stability,stability,1,0.1,global,9,storm2,100,0.0,0.25,301,c09_storm2_w80_u100_0028,2253,1057.082800,1036.098800,790.313600,942.780000,912.104800,0.2503,0.0302,0.2500,0.0329
cov,stability,stability,1,0.1,global,9,storm2,100,0.0,0.25,301,c09_storm2_w80_u100_0029,2253,1275.659600,1626.669200,875.928000,1044.821200,1084.013600,0.2503,0.0398,0.2501,0.0288
cov,stability,stability,1,0.1,global,9,storm2,100,0.0,0.25,302,c09_storm2_w80_u100_0020,2253,1253.379200,1210.291200,963.206400,1092.899200,1027.307200,0.2496,0.0478,0.2500,0.0550
cov,stability,stability,1,0.1,global,9,storm2,100,0.0,0.25,302,c09_storm2_w80_u100_0021,2253,899.342800,897.852400,837.866800,850.854000,837.546000,0.2503,0.0296,0.2502,0.0270
cov,stability,stability,1,0.1,global,9,storm2,100,0.0,0.25,302,c09_storm2_w80_u100_0022,2253,746.395200,752.502800,721.241600,723.358400,725.301600,0.2423,0.0083,0.2443,0.0082
cov,stability,stability,1,0.1,global,9,storm2,100,0.0,0.25,302,c09_storm2_w80_u100_0023,2253,3295.356000,3282.104000,2013.730000,2640.815600,2634.422400,0.2503,0.1080,0.2503,0.1012
cov,stability,stability,1,0.1,global,9,storm2,100,0.0,0.25,302,c09_storm2_w80_u100_0024,2253,1762.665600,1741.750800,1427.994000,1582.047200,1482.707200,0.2500,0.0528,0.2502,0.0429
cov,stability,stability,1,0.1,global,9,storm2,100,0.0,0.25,302,c09_storm2_w80_u100_0025,2253,2723.120800,2878.033200,1673.843200,2352.079000,2511.852800,0.2504,0.0493,0.2504,0.0539
cov,stability,stability,1,0.1,global,9,storm2,100,0.0,0.25,302,c09_storm2_w80_u100_0026,2253,3223.762400,3286.712400,2254.060000,3079.834400,3180.551600,0.2501,0.0305,0.2503,0.0282
cov,stability,stability,1,0.1,global,9,storm2,100,0.0,0.25,302,c09_storm2_w80_u100_0027,2253,1435.314400,1329.298400,1102.271200,1170.048400,1131.656400,0.2502,0.0504,0.2500,0.0530
cov,stability,stability,1,0.1,global,9,storm2,100,0.0,0.25,302,c09_storm2_w80_u100_0028,2253,1057.082800,1036.012800,790.313600,981.292400,917.364400,0.2502,0.0302,0.2500,0.0304
cov,stability,stability,1,0.1,global,9,storm2,100,0.0,0.25,302,c09_storm2_w80_u100_0029,2253,1275.659600,1397.366400,875.928000,1044.195600,1103.222400,0.2501,0.0243,0.2501,0.0244
cov,stability,stability,1,0.1,global,9,storm2,100,0.25,0.25,303,c09_storm2_w80_u100_0020,2253,1496.278800,1463.596000,1173.754800,1350.169200,1273.834400,0.2479,0.0625,0.2463,0.0777
cov,stability,stability,1,0.1,global,9,storm2,100,0.25,0.25,303,c09_storm2_w80_u100_0021,2253,1480.727600,1550.282800,1302.063600,1405.456000,1324.336400,0.2502,0.0161,0.2502,0.0647
cov,stability,stability,1,0.1,global,9,storm2,100,0.25,0.25,303,c09_storm2_w80_u100_0022,2253,973.188800,1091.226400,902.748000,952.619200,1031.349600,0.2492,0.0265,0.2416,0.0277
cov,stability,stability,1,0.1,global,9,storm2,100,0.25,0.25,303,c09_storm2_w80_u100_0023,2253,3998.716800,3069.474000,2221.794800,2874.323600,2604.049200,0.2501,0.0728,0.2501,0.1294
cov,stability,stability,1,0.1,global,9,storm2,100,0.25,0.25,303,c09_storm2_w80_u100_0024,2253,2138.638000,1895.166000,1383.825600,1406.893600,1464.525200,0.2503,0.0605,0.2502,0.0783
cov,stability,stability,1,0.1,global,9,storm2,100,0.25,0.25,303,c09_storm2_w80_u100_0025,2253,3867.258000,3222.564400,1955.086800,2802.402400,2600.493600,0.2351,0.0621,0.2414,0.1072
cov,stability,stability,1,0.1,global,9,storm2,100,0.25,0.25,303,c09_storm2_w80_u100_0026,2253,3123.791600,2351.327200,1884.976800,2278.541200,2144.732400,0.2497,0.0448,0.2503,0.0800
cov,stability,stability,1,0.1,global,9,storm2,100,0.25,0.25,303,c09_storm2_w80_u100_0027,2253,1923.480400,1656.385200,1443.802000,1563.149200,1457.877600,0.2502,0.0327,0.2502,0.0709
cov,stability,stability,1,0.1,global,9,storm2,100,0.25,0.25,303,c09_storm2_w80_u100_0028,2253,1599.898800,1436.227600,1218.803200,1528.325600,1365.317200,0.2500,0.0127,0.2502,0.0506
cov,stability,stability,1,0.1,global,9,storm2,100,0.25,0.25,303,c09_storm2_w80_u100_0029,2253,2274.121200,1683.711600,1117.632800,1486.671200,1274.089600,0.2499,0.0486,0.2501,0.0621
cov,stability,stability,1,0.1,global,9,storm2,100,0.5,0.25,303,c09_storm2_w80_u100_0020,2253,1838.122400,1632.973600,1422.251200,1582.319600,1481.363600,0.2461,0.0725,0.2457,0.0949
cov,stability,stability,1,0.1,global,9,storm2,100,0.5,0.25,303,c09_storm2_w80_u100_0021,2253,1665.790400,1698.423200,1492.630400,1591.696000,1533.183600,0.2503,0.0188,0.2502,0.0809
cov,stability,stability,1,0.1,global,9,storm2,100,0.5,0.25,303,c09_storm2_w80_u100_0022,2253,1031.454400,1021.232800,962.292000,990.545600,1047.241600,0.2442,0.0135,0.2417,0.0304
cov,stability,stability,1,0.1,global,9,storm2,100,0.5,0.25,303,c09_storm2_w80_u100_0023,2253,4967.170800,3236.395600,2516.662800,3243.148800,3055.236400,0.2468,0.0613,0.2473,0.1667
cov,stability,stability,1,0.1,global,9,storm2,100,0.5,0.25,303,c09_storm2_w80_u100_0024,2253,2876.723200,2139.026800,1515.380400,1975.636400,1718.564400,0.2440,0.0440,0.2470,0.0870
cov,stability,stability,1,0.1,global,9,storm2,100,0.5,0.25,303,c09_storm2_w80_u100_0025,2253,5043.732800,3058.262400,2624.646400,3563.098800,2916.556800,0.2500,0.0268,0.2465,0.1233
cov,stability,stability,1,0.1,global,9,storm2,100,0.5,0.25,303,c09_storm2_w80_u100_0026,2253,3477.431200,2185.097600,1862.048800,2482.122800,1987.095200,0.2504,0.0280,0.2503,0.0988
cov,stability,stability,1,0.1,global,9,storm2,100,0.5,0.25,303,c09_storm2_w80_u100_0027,2253,2171.385200,1686.378000,1475.724000,1688.417200,1519.238000,0.2440,0.0207,0.2483,0.0816
cov,stability,stability,1,0.1,global,9,storm2,100,0.5,0.25,303,c09_storm2_w80_u100_0028,2253,1867.111600,1609.872400,1522.420800,1805.281200,1542.039600,0.2500,0.0101,0.2502,0.0506
cov,stability,stability,1,0.1,global,9,storm2,100,0.5,0.25,303,c09_storm2_w80_u100_0029,2253,3026.057200,1807.558400,1119.128400,1878.150000,1330.996800,0.2443,0.0294,0.2490,0.0824
