decider_channel,campus,u,beta,rho,seed,inst_id,n_wos,rule,m0_alone,m0_sup,rule_sup,oracle,m0_final_r,m0_final_orr
full_class_shift,9,100,1.0,0.25,301,c09_storm2_w80_u100_0020,2253,2113.920800,1685.812000,1639.239200,1974.308800,1660.290800,0.3228,0.0209
full_class_shift,9,100,1.0,0.25,301,c09_storm2_w80_u100_0021,2253,2468.501600,2127.064800,2140.574400,2425.110000,2178.691200,0.3228,0.0209
full_class_shift,9,100,1.0,0.25,301,c09_storm2_w80_u100_0022,2253,1216.011200,973.572400,977.068400,1099.216000,991.862400,0.3228,0.0209
full_class_shift,9,100,1.0,0.25,301,c09_storm2_w80_u100_0023,2253,5676.362400,2775.650800,2608.315200,4018.612400,2621.206400,0.3228,0.0209
full_class_shift,9,100,1.0,0.25,301,c09_storm2_w80_u100_0024,2253,4396.206800,2358.705600,1994.484000,2834.593600,1996.894800,0.3228,0.0209
full_class_shift,9,100,1.0,0.25,301,c09_storm2_w80_u100_0025,2253,6411.756400,2979.735200,2520.513600,4054.931600,2533.840800,0.3228,0.0209
full_class_shift,9,100,1.0,0.25,301,c09_storm2_w80_u100_0026,2253,5006.202000,2086.948000,2038.843600,4109.313600,1938.243600,0.3228,0.0209
full_class_shift,9,100,1.0,0.25,301,c09_storm2_w80_u100_0027,2253,2535.368000,1799.105600,1676.946000,2061.197200,1685.882800,0.3228,0.0209
full_class_shift,9,100,1.0,0.25,301,c09_storm2_w80_u100_0028,2253,2083.722400,1302.152400,1302.480800,2021.848800,1316.495200,0.3228,0.0209
full_class_shift,9,100,1.0,0.25,301,c09_storm2_w80_u100_0029,2253,4540.255600,1888.186400,1415.808400,2328.602400,1226.778800,0.3228,0.0209
full_class_shift,9,100,1.0,0.25,302,c09_storm2_w80_u100_0020,2253,2113.920800,1723.539600,1631.607600,1974.308800,1660.290800,0.3893,0.0182
full_class_shift,9,100,1.0,0.25,302,c09_storm2_w80_u100_0021,2253,2468.501600,2169.646000,2146.010400,2425.110000,2178.691200,0.3893,0.0182
full_class_shift,9,100,1.0,0.25,302,c09_storm2_w80_u100_0022,2253,1216.011200,994.066400,992.236400,1099.216000,991.862400,0.3893,0.0182
full_class_shift,9,100,1.0,0.25,302,c09_storm2_w80_u100_0023,2253,5676.362400,2822.065200,2685.714000,4018.612400,2621.206400,0.3893,0.0182
full_class_shift,9,100,1.0,0.25,302,c09_storm2_w80_u100_0024,2253,4396.206800,2181.403200,2024.340000,2834.593600,1996.894800,0.3893,0.0182
full_class_shift,9,100,1.0,0.25,302,c09_storm2_w80_u100_0025,2253,6411.756400,2943.910000,2568.256000,4054.931600,2533.840800,0.3893,0.0182
full_class_shift,9,100,1.0,0.25,302,c09_storm2_w80_u100_0026,2253,5006.202000,2376.272000,2289.852000,4109.313600,1938.243600,0.3893,0.0182
full_class_shift,9,100,1.0,0.25,302,c09_storm2_w80_u100_0027,2253,2535.368000,1851.201200,1673.368400,2061.197200,1685.882800,0.3893,0.0182
full_class_shift,9,100,1.0,0.25,302,c09_storm2_w80_u100_0028,2253,2083.722400,1309.272400,1306.246800,2021.848800,1316.495200,0.3893,0.0182
full_class_shift,9,100,1.0,0.25,302,c09_storm2_w80_u100_0029,2253,4540.255600,1635.014000,1284.388000,2328.602400,1226.778800,0.3893,0.0182
full_class_shift,9,100,1.0,0.25,303,c09_storm2_w80_u100_0020,2253,2113.920800,1636.229200,1632.326000,1974.308800,1660.290800,0.4056,0.0275
full_class_shift,9,100,1.0,0.25,303,c09_storm2_w80_u100_0021,2253,2468.501600,2131.872400,2125.414400,2425.110000,2178.691200,0.4056,0.0275
full_class_shift,9,100,1.0,0.25,303,c09_storm2_w80_u100_0022,2253,1216.011200,1017.177200,1000.308400,1099.216000,991.862400,0.4056,0.0275
full_class_shift,9,100,1.0,0.25,303,c09_storm2_w80_u100_0023,2253,5676.362400,2920.254800,2612.666000,4018.612400,2621.206400,0.4056,0.0275
full_class_shift,9,100,1.0,0.25,303,c09_storm2_w80_u100_0024,2253,4396.206800,2476.737200,2033.463200,2834.593600,1996.894800,0.4056,0.0275
full_class_shift,9,100,1.0,0.25,303,c09_storm2_w80_u100_0025,2253,6411.756400,3112.762400,2642.159600,4054.931600,2533.840800,0.4056,0.0275
full_class_shift,9,100,1.0,0.25,303,c09_storm2_w80_u100_0026,2253,5006.202000,2543.850800,2486.926800,4109.313600,1938.243600,0.4056,0.0275
full_class_shift,9,100,1.0,0.25,303,c09_storm2_w80_u100_0027,2253,2535.368000,1923.285200,1673.293200,2061.197200,1685.882800,0.4056,0.0275
full_class_shift,9,100,1.0,0.25,303,c09_storm2_w80_u100_0028,2253,2083.722400,1302.622800,1302.398000,2021.848800,1316.495200,0.4056,0.0275
full_class_shift,9,100,1.0,0.25,303,c09_storm2_w80_u100_0029,2253,4540.255600,1890.822000,1475.116400,2328.602400,1226.778800,0.4056,0.0275
full_class_shift,9,100,1.0,0.25,304,c09_storm2_w80_u100_0020,2253,2113.920800,1681.808000,1630.959600,1974.308800,1660.290800,0.4312,0.0219
full_class_shift,9,100,1.0,0.25,304,c09_storm2_w80_u100_0021,2253,2468.501600,2126.305600,2152.174400,2425.110000,2178.691200,0.4312,0.0219
full_class_shift,9,100,1.0,0.25,304,c09_storm2_w80_u100_0022,2253,1216.011200,981.195200,980.976800,1099.216000,991.862400,0.4312,0.0219
full_class_shift,9,100,1.0,0.25,304,c09_storm2_w80_u100_0023,2253,5676.362400,2856.626000,2616.761200,4018.612400,2621.206400,0.4312,0.0219
full_class_shift,9,100,1.0,0.25,304,c09_storm2_w80_u100_0024,2253,4396.206800,2541.745200,2006.792000,2834.593600,1996.894800,0.4312,0.0219
full_class_shift,9,100,1.0,0.25,304,c09_storm2_w80_u100_0025,2253,6411.756400,2837.318400,2564.244400,4054.931600,2533.840800,0.4312,0.0219
full_class_shift,9,100,1.0,0.25,304,c09_storm2_w80_u100_0026,2253,5006.202000,2183.997600,2105.928000,4109.313600,1938.243600,0.4312,0.0219
full_class_shift,9,100,1.0,0.25,304,c09_storm2_w80_u100_0027,2253,2535.368000,1743.044400,1650.346000,2061.197200,1685.882800,0.4312,0.0219
full_class_shift,9,100,1.0,0.25,304,c09_storm2_w80_u100_0028,2253,2083.722400,1360.329600,1301.443600,2021.848800,1316.495200,0.4312,0.0219
full_class_shift,9,100,1.0,0.25,304,c09_storm2_w80_u100_0029,2253,4540.255600,1500.962000,1281.752400,2328.602400,1226.778800,0.4312,0.0219
full_class_shift,9,100,1.0,0.25,305,c09_storm2_w80_u100_0020,2253,2113.920800,1644.047600,1614.148000,1974.308800,1660.290800,0.4023,0.0218
full_class_shift,9,100,1.0,0.25,305,c09_storm2_w80_u100_0021,2253,2468.501600,2136.103200,2136.103200,2425.110000,2178.691200,0.4023,0.0218
full_class_shift,9,100,1.0,0.25,305,c09_storm2_w80_u100_0022,2253,1216.011200,1040.326000,1009.137200,1099.216000,991.862400,0.4023,0.0218
full_class_shift,9,100,1.0,0.25,305,c09_storm2_w80_u100_0023,2253,5676.362400,2997.913200,2795.016800,4018.612400,2621.206400,0.4023,0.0218
full_class_shift,9,100,1.0,0.25,305,c09_storm2_w80_u100_0024,2253,4396.206800,2256.460000,2040.570000,2834.593600,1996.894800,0.4023,0.0218
full_class_shift,9,100,1.0,0.25,305,c09_storm2_w80_u100_0025,2253,6411.756400,3115.884800,2726.807200,4054.931600,2533.840800,0.4023,0.0218
full_class_shift,9,100,1.0,0.25,305,c09_storm2_w80_u100_0026,2253,5006.202000,2343.769600,2240.326800,4109.313600,1938.243600,0.4023,0.0218
full_class_shift,9,100,1.0,0.25,305,c09_storm2_w80_u100_0027,2253,2535.368000,1758.764400,1660.415200,2061.197200,1685.882800,0.4023,0.0218
full_class_shift,9,100,1.0,0.25,305,c09_storm2_w80_u100_0028,2253,2083.722400,1299.776800,1299.776800,2021.848800,1316.495200,0.4023,0.0218
full_class_shift,9,100,1.0,0.25,305,c09_storm2_w80_u100_0029,2253,4540.255600,1789.257600,1403.908000,2328.602400,1226.778800,0.4023,0.0218
deadline_only,9,100,1.0,0.25,301,c09_storm2_w80_u100_0020,2253,2113.920800,1674.108400,1646.851600,1974.308800,1660.290800,0.4031,0.0303
deadline_only,9,100,1.0,0.25,301,c09_storm2_w80_u100_0021,2253,2468.501600,2125.138400,2134.894400,2425.110000,2178.691200,0.4031,0.0303
deadline_only,9,100,1.0,0.25,301,c09_storm2_w80_u100_0022,2253,1216.011200,985.278400,986.248000,1099.216000,991.862400,0.4031,0.0303
deadline_only,9,100,1.0,0.25,301,c09_storm2_w80_u100_0023,2253,5676.362400,2804.973600,2673.686000,4018.612400,2621.206400,0.4031,0.0303
deadline_only,9,100,1.0,0.25,301,c09_storm2_w80_u100_0024,2253,4396.206800,2127.251200,1970.276800,2834.593600,1996.894800,0.4031,0.0303
deadline_only,9,100,1.0,0.25,301,c09_storm2_w80_u100_0025,2253,6411.756400,2796.824000,2532.076400,4054.931600,2533.840800,0.4031,0.0303
deadline_only,9,100,1.0,0.25,301,c09_storm2_w80_u100_0026,2253,5006.202000,2245.733600,2192.954400,4109.313600,1938.243600,0.4031,0.0303
deadline_only,9,100,1.0,0.25,301,c09_storm2_w80_u100_0027,2253,2535.368000,1676.872400,1668.340800,2061.197200,1685.882800,0.4031,0.0303
deadline_only,9,100,1.0,0.25,301,c09_storm2_w80_u100_0028,2253,2083.722400,1302.699600,1303.472800,2021.848800,1316.495200,0.4031,0.0303
deadline_only,9,100,1.0,0.25,301,c09_storm2_w80_u100_0029,2253,4540.255600,1624.224400,1342.454000,2328.602400,1226.778800,0.4031,0.0303
deadline_only,9,100,1.0,0.25,302,c09_storm2_w80_u100_0020,2253,2113.920800,1664.868000,1634.015200,1974.308800,1660.290800,0.3223,0.0277
deadline_only,9,100,1.0,0.25,302,c09_storm2_w80_u100_0021,2253,2468.501600,2130.388000,2134.819200,2425.110000,2178.691200,0.3223,0.0277
deadline_only,9,100,1.0,0.25,302,c09_storm2_w80_u100_0022,2253,1216.011200,997.215200,997.215200,1099.216000,991.862400,0.3223,0.0277
deadline_only,9,100,1.0,0.25,302,c09_storm2_w80_u100_0023,2253,5676.362400,2751.462000,2670.914000,4018.612400,2621.206400,0.3223,0.0277
deadline_only,9,100,1.0,0.25,302,c09_storm2_w80_u100_0024,2253,4396.206800,2278.512400,2089.706800,2834.593600,1996.894800,0.3223,0.0277
deadline_only,9,100,1.0,0.25,302,c09_storm2_w80_u100_0025,2253,6411.756400,2929.574400,2627.492000,4054.931600,2533.840800,0.3223,0.0277
deadline_only,9,100,1.0,0.25,302,c09_storm2_w80_u100_0026,2253,5006.202000,2762.602400,2596.860400,4109.313600,1938.243600,0.3223,0.0277
deadline_only,9,100,1.0,0.25,302,c09_storm2_w80_u100_0027,2253,2535.368000,1694.862000,1672.843200,2061.197200,1685.882800,0.3223,0.0277
deadline_only,9,100,1.0,0.25,302,c09_storm2_w80_u100_0028,2253,2083.722400,1314.382000,1311.070000,2021.848800,1316.495200,0.3223,0.0277
deadline_only,9,100,1.0,0.25,302,c09_storm2_w80_u100_0029,2253,4540.255600,1747.606400,1598.503200,2328.602400,1226.778800,0.3223,0.0277
deadline_only,9,100,1.0,0.25,303,c09_storm2_w80_u100_0020,2253,2113.920800,1704.025600,1627.093200,1974.308800,1660.290800,0.3972,0.0213
deadline_only,9,100,1.0,0.25,303,c09_storm2_w80_u100_0021,2253,2468.501600,2144.274800,2133.137600,2425.110000,2178.691200,0.3972,0.0213
deadline_only,9,100,1.0,0.25,303,c09_storm2_w80_u100_0022,2253,1216.011200,995.854400,1000.546400,1099.216000,991.862400,0.3972,0.0213
deadline_only,9,100,1.0,0.25,303,c09_storm2_w80_u100_0023,2253,5676.362400,2906.293200,2706.453600,4018.612400,2621.206400,0.3972,0.0213
deadline_only,9,100,1.0,0.25,303,c09_storm2_w80_u100_0024,2253,4396.206800,2281.752400,2043.677200,2834.593600,1996.894800,0.3972,0.0213
deadline_only,9,100,1.0,0.25,303,c09_storm2_w80_u100_0025,2253,6411.756400,3096.722800,2686.896000,4054.931600,2533.840800,0.3972,0.0213
deadline_only,9,100,1.0,0.25,303,c09_storm2_w80_u100_0026,2253,5006.202000,2663.142400,2544.826000,4109.313600,1938.243600,0.3972,0.0213
deadline_only,9,100,1.0,0.25,303,c09_storm2_w80_u100_0027,2253,2535.368000,1750.791200,1661.586400,2061.197200,1685.882800,0.3972,0.0213
deadline_only,9,100,1.0,0.25,303,c09_storm2_w80_u100_0028,2253,2083.722400,1339.333200,1325.372800,2021.848800,1316.495200,0.3972,0.0213
deadline_only,9,100,1.0,0.25,303,c09_storm2_w80_u100_0029,2253,4540.255600,1748.052800,1361.290800,2328.602400,1226.778800,0.3972,0.0213
deadline_only,9,100,1.0,0.25,304,c09_storm2_w80_u100_0020,2253,2113.920800,1674.713600,1637.463600,1974.308800,1660.290800,0.4151,0.0322
deadline_only,9,100,1.0,0.25,304,c09_storm2_w80_u100_0021,2253,2468.501600,2136.259600,2135.330400,2425.110000,2178.691200,0.4151,0.0322
deadline_only,9,100,1.0,0.25,304,c09_storm2_w80_u100_0022,2253,1216.011200,1039.014800,1022.221200,1099.216000,991.862400,0.4151,0.0322
deadline_only,9,100,1.0,0.25,304,c09_storm2_w80_u100_0023,2253,5676.362400,2720.832000,2641.676800,4018.612400,2621.206400,0.4151,0.0322
deadline_only,9,100,1.0,0.25,304,c09_storm2_w80_u100_0024,2253,4396.206800,2094.693200,2001.178000,2834.593600,1996.894800,0.4151,0.0322
deadline_only,9,100,1.0,0.25,304,c09_storm2_w80_u100_0025,2253,6411.756400,2841.336000,2578.745200,4054.931600,2533.840800,0.4151,0.0322
deadline_only,9,100,1.0,0.25,304,c09_storm2_w80_u100_0026,2253,5006.202000,2178.249600,2098.850400,4109.313600,1938.243600,0.4151,0.0322
deadline_only,9,100,1.0,0.25,304,c09_storm2_w80_u100_0027,2253,2535.368000,1678.451600,1668.353200,2061.197200,1685.882800,0.4151,0.0322
deadline_only,9,100,1.0,0.25,304,c09_storm2_w80_u100_0028,2253,2083.722400,1301.034400,1301.034400,2021.848800,1316.495200,0.4151,0.0322
deadline_only,9,100,1.0,0.25,304,c09_storm2_w80_u100_0029,2253,4540.255600,1606.216000,1287.401200,2328.602400,1226.778800,0.4151,0.0322
deadline_only,9,100,1.0,0.25,305,c09_storm2_w80_u100_0020,2253,2113.920800,1663.179600,1635.969200,1974.308800,1660.290800,0.3866,0.0204
deadline_only,9,100,1.0,0.25,305,c09_storm2_w80_u100_0021,2253,2468.501600,2143.725600,2141.764000,2425.110000,2178.691200,0.3866,0.0204
deadline_only,9,100,1.0,0.25,305,c09_storm2_w80_u100_0022,2253,1216.011200,1001.874400,1005.076000,1099.216000,991.862400,0.3866,0.0204
deadline_only,9,100,1.0,0.25,305,c09_storm2_w80_u100_0023,2253,5676.362400,2946.621200,2811.752400,4018.612400,2621.206400,0.3866,0.0204
deadline_only,9,100,1.0,0.25,305,c09_storm2_w80_u100_0024,2253,4396.206800,2160.463200,1994.448400,2834.593600,1996.894800,0.3866,0.0204
deadline_only,9,100,1.0,0.25,305,c09_storm2_w80_u100_0025,2253,6411.756400,2776.694000,2587.427600,4054.931600,2533.840800,0.3866,0.0204
deadline_only,9,100,1.0,0.25,305,c09_storm2_w80_u100_0026,2253,5006.202000,3395.182400,2919.490400,4109.313600,1938.243600,0.3866,0.0204
deadline_only,9,100,1.0,0.25,305,c09_storm2_w80_u100_0027,2253,2535.368000,1675.491600,1671.183600,2061.197200,1685.882800,0.3866,0.0204
deadline_only,9,100,1.0,0.25,305,c09_storm2_w80_u100_0028,2253,2083.722400,1303.406000,1303.406000,2021.848800,1316.495200,0.3866,0.0204
deadline_only,9,100,1.0,0.25,305,c09_storm2_w80_u100_0029,2253,4540.255600,1632.618000,1436.538000,2328.602400,1226.778800,0.3866,0.0204
weight_only,9,100,1.0,0.25,301,c09_storm2_w80_u100_0020,2253,2113.920800,1930.272800,1822.019200,1974.308800,1660.290800,0.5363,0.0820
weight_only,9,100,1.0,0.25,301,c09_storm2_w80_u100_0021,2253,2468.501600,2321.095600,2280.213600,2425.110000,2178.691200,0.5363,0.0820
weight_only,9,100,1.0,0.25,301,c09_storm2_w80_u100_0022,2253,1216.011200,1125.770000,1050.174400,1099.216000,991.862400,0.5363,0.0820
weight_only,9,100,1.0,0.25,301,c09_storm2_w80_u100_0023,2253,5676.362400,4969.540800,3292.855200,4018.612400,2621.206400,0.5363,0.0820
weight_only,9,100,1.0,0.25,301,c09_storm2_w80_u100_0024,2253,4396.206800,4068.413600,2662.831600,2834.593600,1996.894800,0.5363,0.0820
weight_only,9,100,1.0,0.25,301,c09_storm2_w80_u100_0025,2253,6411.756400,5765.331600,3974.945200,4054.931600,2533.840800,0.5363,0.0820
weight_only,9,100,1.0,0.25,301,c09_storm2_w80_u100_0026,2253,5006.202000,4586.315600,4010.196000,4109.313600,1938.243600,0.5363,0.0820
weight_only,9,100,1.0,0.25,301,c09_storm2_w80_u100_0027,2253,2535.368000,2296.178800,1816.972400,2061.197200,1685.882800,0.5363,0.0820
weight_only,9,100,1.0,0.25,301,c09_storm2_w80_u100_0028,2253,2083.722400,1856.699600,1774.326800,2021.848800,1316.495200,0.5363,0.0820
weight_only,9,100,1.0,0.25,301,c09_storm2_w80_u100_0029,2253,4540.255600,3997.635600,2157.952400,2328.602400,1226.778800,0.5363,0.0820
weight_only,9,100,1.0,0.25,302,c09_storm2_w80_u100_0020,2253,2113.920800,1880.333200,1838.374000,1974.308800,1660.290800,0.5020,0.0789
weight_only,9,100,1.0,0.25,302,c09_storm2_w80_u100_0021,2253,2468.501600,2318.796800,2281.497200,2425.110000,2178.691200,0.5020,0.0789
weight_only,9,100,1.0,0.25,302,c09_storm2_w80_u100_0022,2253,1216.011200,1105.145600,1026.358400,1099.216000,991.862400,0.5020,0.0789
weight_only,9,100,1.0,0.25,302,c09_storm2_w80_u100_0023,2253,5676.362400,4848.848800,3441.618800,4018.612400,2621.206400,0.5020,0.0789
weight_only,9,100,1.0,0.25,302,c09_storm2_w80_u100_0024,2253,4396.206800,4082.298800,2474.225600,2834.593600,1996.894800,0.5020,0.0789
weight_only,9,100,1.0,0.25,302,c09_storm2_w80_u100_0025,2253,6411.756400,5715.949200,4067.926000,4054.931600,2533.840800,0.5020,0.0789
weight_only,9,100,1.0,0.25,302,c09_storm2_w80_u100_0026,2253,5006.202000,4493.566000,3962.879200,4109.313600,1938.243600,0.5020,0.0789
weight_only,9,100,1.0,0.25,302,c09_storm2_w80_u100_0027,2253,2535.368000,2297.837200,1831.876400,2061.197200,1685.882800,0.5020,0.0789
weight_only,9,100,1.0,0.25,302,c09_storm2_w80_u100_0028,2253,2083.722400,1827.228800,1780.329200,2021.848800,1316.495200,0.5020,0.0789
weight_only,9,100,1.0,0.25,302,c09_storm2_w80_u100_0029,2253,4540.255600,3952.650400,1893.147200,2328.602400,1226.778800,0.5020,0.0789
weight_only,9,100,1.0,0.25,303,c09_storm2_w80_u100_0020,2253,2113.920800,1883.538000,1822.826000,1974.308800,1660.290800,0.4858,0.0745
weight_only,9,100,1.0,0.25,303,c09_storm2_w80_u100_0021,2253,2468.501600,2312.638800,2270.308800,2425.110000,2178.691200,0.4858,0.0745
weight_only,9,100,1.0,0.25,303,c09_storm2_w80_u100_0022,2253,1216.011200,1187.214400,1080.532000,1099.216000,991.862400,0.4858,0.0745
weight_only,9,100,1.0,0.25,303,c09_storm2_w80_u100_0023,2253,5676.362400,4833.041200,3366.648000,4018.612400,2621.206400,0.4858,0.0745
weight_only,9,100,1.0,0.25,303,c09_storm2_w80_u100_0024,2253,4396.206800,4105.752400,2496.282000,2834.593600,1996.894800,0.4858,0.0745
weight_only,9,100,1.0,0.25,303,c09_storm2_w80_u100_0025,2253,6411.756400,5792.002800,4034.514000,4054.931600,2533.840800,0.4858,0.0745
weight_only,9,100,1.0,0.25,303,c09_storm2_w80_u100_0026,2253,5006.202000,4468.718800,3929.072000,4109.313600,1938.243600,0.4858,0.0745
weight_only,9,100,1.0,0.25,303,c09_storm2_w80_u100_0027,2253,2535.368000,2299.766800,2017.252800,2061.197200,1685.882800,0.4858,0.0745
weight_only,9,100,1.0,0.25,303,c09_storm2_w80_u100_0028,2253,2083.722400,1818.813200,1686.699600,2021.848800,1316.495200,0.4858,0.0745
weight_only,9,100,1.0,0.25,303,c09_storm2_w80_u100_0029,2253,4540.255600,3978.932000,1896.589200,2328.602400,1226.778800,0.4858,0.0745
weight_only,9,100,1.0,0.25,304,c09_storm2_w80_u100_0020,2253,2113.920800,1880.769200,1800.897200,1974.308800,1660.290800,0.5142,0.0729
weight_only,9,100,1.0,0.25,304,c09_storm2_w80_u100_0021,2253,2468.501600,2305.098400,2273.021200,2425.110000,2178.691200,0.5142,0.0729
weight_only,9,100,1.0,0.25,304,c09_storm2_w80_u100_0022,2253,1216.011200,1188.902400,1058.200000,1099.216000,991.862400,0.5142,0.0729
weight_only,9,100,1.0,0.25,304,c09_storm2_w80_u100_0023,2253,5676.362400,4828.409200,3418.211600,4018.612400,2621.206400,0.5142,0.0729
weight_only,9,100,1.0,0.25,304,c09_storm2_w80_u100_0024,2253,4396.206800,4034.795600,2557.937600,2834.593600,1996.894800,0.5142,0.0729
weight_only,9,100,1.0,0.25,304,c09_storm2_w80_u100_0025,2253,6411.756400,5678.601600,3911.717200,4054.931600,2533.840800,0.5142,0.0729
weight_only,9,100,1.0,0.25,304,c09_storm2_w80_u100_0026,2253,5006.202000,4463.745600,3925.969200,4109.313600,1938.243600,0.5142,0.0729
weight_only,9,100,1.0,0.25,304,c09_storm2_w80_u100_0027,2253,2535.368000,2295.874000,1751.923600,2061.197200,1685.882800,0.5142,0.0729
weight_only,9,100,1.0,0.25,304,c09_storm2_w80_u100_0028,2253,2083.722400,1830.004000,1737.618400,2021.848800,1316.495200,0.5142,0.0729
weight_only,9,100,1.0,0.25,304,c09_storm2_w80_u100_0029,2253,4540.255600,3932.990800,2027.515600,2328.602400,1226.778800,0.5142,0.0729
weight_only,9,100,1.0,0.25,305,c09_storm2_w80_u100_0020,2253,2113.920800,1876.874000,1786.936800,1974.308800,1660.290800,0.4890,0.0755
weight_only,9,100,1.0,0.25,305,c09_storm2_w80_u100_0021,2253,2468.501600,2298.060400,2270.186400,2425.110000,2178.691200,0.4890,0.0755
weight_only,9,100,1.0,0.25,305,c09_storm2_w80_u100_0022,2253,1216.011200,1153.338000,1108.672800,1099.216000,991.862400,0.4890,0.0755
weight_only,9,100,1.0,0.25,305,c09_storm2_w80_u100_0023,2253,5676.362400,4794.966800,3300.936400,4018.612400,2621.206400,0.4890,0.0755
weight_only,9,100,1.0,0.25,305,c09_storm2_w80_u100_0024,2253,4396.206800,4012.987600,2601.142000,2834.593600,1996.894800,0.4890,0.0755
weight_only,9,100,1.0,0.25,305,c09_storm2_w80_u100_0025,2253,6411.756400,5762.903200,3948.480000,4054.931600,2533.840800,0.4890,0.0755
weight_only,9,100,1.0,0.25,305,c09_storm2_w80_u100_0026,2253,5006.202000,4427.343200,3973.467600,4109.313600,1938.243600,0.4890,0.0755
weight_only,9,100,1.0,0.25,305,c09_storm2_w80_u100_0027,2253,2535.368000,2273.884400,1836.034400,2061.197200,1685.882800,0.4890,0.0755
weight_only,9,100,1.0,0.25,305,c09_storm2_w80_u100_0028,2253,2083.722400,1763.314000,1620.498000,2021.848800,1316.495200,0.4890,0.0755
weight_only,9,100,1.0,0.25,305,c09_storm2_w80_u100_0029,2253,4540.255600,3914.076000,2085.200800,2328.602400,1226.778800,0.4890,0.0755
full_class_shift,9,90,1.0,0.25,301,c09_storm2_w80_u90_0020,1983,2177.667200,1502.645600,1471.321600,2154.681600,1504.394400,0.2913,0.0145
full_class_shift,9,90,1.0,0.25,301,c09_storm2_w80_u90_0021,1983,1754.070800,1714.508400,1714.508400,1719.228400,1724.693600,0.2913,0.0145
full_class_shift,9,90,1.0,0.25,301,c09_storm2_w80_u90_0022,1983,1255.530000,1204.615200,1204.615200,1245.562400,1218.304800,0.2913,0.0145
full_class_shift,9,90,1.0,0.25,301,c09_storm2_w80_u90_0023,1983,1251.113600,1207.516400,1190.050000,1242.408800,1185.189600,0.2913,0.0145
full_class_shift,9,90,1.0,0.25,301,c09_storm2_w80_u90_0024,1983,2040.184000,1455.388800,1449.343200,1727.396400,1434.189200,0.2913,0.0145
full_class_shift,9,90,1.0,0.25,301,c09_storm2_w80_u90_0025,1983,1653.087600,1571.213200,1571.213200,1621.426000,1550.068000,0.2913,0.0145
full_class_shift,9,90,1.0,0.25,301,c09_storm2_w80_u90_0026,1983,1769.389600,1308.895600,1299.643200,1655.275200,1308.659600,0.2913,0.0145
full_class_shift,9,90,1.0,0.25,301,c09_storm2_w80_u90_0027,1983,1752.833600,916.214800,833.194800,1041.454800,803.994000,0.2913,0.0145
full_class_shift,9,90,1.0,0.25,301,c09_storm2_w80_u90_0028,1983,804.369600,692.674800,708.535600,778.310000,730.334800,0.2913,0.0145
full_class_shift,9,90,1.0,0.25,301,c09_storm2_w80_u90_0029,1983,3061.778400,2862.777600,2877.221600,3003.177600,2856.388000,0.2913,0.0145
full_class_shift,9,90,1.0,0.25,302,c09_storm2_w80_u90_0020,1983,2177.667200,1459.928800,1463.176000,2154.681600,1504.394400,0.2837,0.0138
full_class_shift,9,90,1.0,0.25,302,c09_storm2_w80_u90_0021,1983,1754.070800,1711.283200,1711.391200,1719.228400,1724.693600,0.2837,0.0138
full_class_shift,9,90,1.0,0.25,302,c09_storm2_w80_u90_0022,1983,1255.530000,1202.207600,1201.691600,1245.562400,1218.304800,0.2837,0.0138
full_class_shift,9,90,1.0,0.25,302,c09_storm2_w80_u90_0023,1983,1251.113600,1191.750000,1185.377200,1242.408800,1185.189600,0.2837,0.0138
full_class_shift,9,90,1.0,0.25,302,c09_storm2_w80_u90_0024,1983,2040.184000,1425.160400,1432.006800,1727.396400,1434.189200,0.2837,0.0138
full_class_shift,9,90,1.0,0.25,302,c09_storm2_w80_u90_0025,1983,1653.087600,1564.354400,1564.370400,1621.426000,1550.068000,0.2837,0.0138
full_class_shift,9,90,1.0,0.25,302,c09_storm2_w80_u90_0026,1983,1769.389600,1286.770800,1289.735200,1655.275200,1308.659600,0.2837,0.0138
full_class_shift,9,90,1.0,0.25,302,c09_storm2_w80_u90_0027,1983,1752.833600,909.309600,838.866000,1041.454800,803.994000,0.2837,0.0138
full_class_shift,9,90,1.0,0.25,302,c09_storm2_w80_u90_0028,1983,804.369600,714.086000,721.081200,778.310000,730.334800,0.2837,0.0138
full_class_shift,9,90,1.0,0.25,302,c09_storm2_w80_u90_0029,1983,3061.778400,2795.002400,2804.040000,3003.177600,2856.388000,0.2837,0.0138
full_class_shift,9,90,1.0,0.25,303,c09_storm2_w80_u90_0020,1983,2177.667200,1442.505200,1463.216000,2154.681600,1504.394400,0.2847,0.0097
full_class_shift,9,90,1.0,0.25,303,c09_storm2_w80_u90_0021,1983,1754.070800,1712.989600,1712.989600,1719.228400,1724.693600,0.2847,0.0097
full_class_shift,9,90,1.0,0.25,303,c09_storm2_w80_u90_0022,1983,1255.530000,1207.906000,1203.698800,1245.562400,1218.304800,0.2847,0.0097
full_class_shift,9,90,1.0,0.25,303,c09_storm2_w80_u90_0023,1983,1251.113600,1205.097200,1187.263200,1242.408800,1185.189600,0.2847,0.0097
full_class_shift,9,90,1.0,0.25,303,c09_storm2_w80_u90_0024,1983,2040.184000,1448.921600,1426.548000,1727.396400,1434.189200,0.2847,0.0097
full_class_shift,9,90,1.0,0.25,303,c09_storm2_w80_u90_0025,1983,1653.087600,1563.323600,1563.323600,1621.426000,1550.068000,0.2847,0.0097
full_class_shift,9,90,1.0,0.25,303,c09_storm2_w80_u90_0026,1983,1769.389600,1282.759600,1274.260000,1655.275200,1308.659600,0.2847,0.0097
full_class_shift,9,90,1.0,0.25,303,c09_storm2_w80_u90_0027,1983,1752.833600,906.013200,820.642400,1041.454800,803.994000,0.2847,0.0097
full_class_shift,9,90,1.0,0.25,303,c09_storm2_w80_u90_0028,1983,804.369600,697.722000,697.722000,778.310000,730.334800,0.2847,0.0097
full_class_shift,9,90,1.0,0.25,303,c09_storm2_w80_u90_0029,1983,3061.778400,2793.178000,2772.647600,3003.177600,2856.388000,0.2847,0.0097
full_class_shift,9,90,1.0,0.25,304,c09_storm2_w80_u90_0020,1983,2177.667200,1535.984800,1474.552000,2154.681600,1504.394400,0.2891,0.0140
full_class_shift,9,90,1.0,0.25,304,c09_storm2_w80_u90_0021,1983,1754.070800,1718.568800,1718.568800,1719.228400,1724.693600,0.2891,0.0140
full_class_shift,9,90,1.0,0.25,304,c09_storm2_w80_u90_0022,1983,1255.530000,1208.007200,1208.007200,1245.562400,1218.304800,0.2891,0.0140
full_class_shift,9,90,1.0,0.25,304,c09_storm2_w80_u90_0023,1983,1251.113600,1179.677200,1206.196400,1242.408800,1185.189600,0.2891,0.0140
full_class_shift,9,90,1.0,0.25,304,c09_storm2_w80_u90_0024,1983,2040.184000,1435.210400,1432.535200,1727.396400,1434.189200,0.2891,0.0140
full_class_shift,9,90,1.0,0.25,304,c09_storm2_w80_u90_0025,1983,1653.087600,1568.711200,1568.711200,1621.426000,1550.068000,0.2891,0.0140
full_class_shift,9,90,1.0,0.25,304,c09_storm2_w80_u90_0026,1983,1769.389600,1286.551600,1281.996800,1655.275200,1308.659600,0.2891,0.0140
full_class_shift,9,90,1.0,0.25,304,c09_storm2_w80_u90_0027,1983,1752.833600,945.555200,868.638400,1041.454800,803.994000,0.2891,0.0140
full_class_shift,9,90,1.0,0.25,304,c09_storm2_w80_u90_0028,1983,804.369600,682.814000,711.690800,778.310000,730.334800,0.2891,0.0140
full_class_shift,9,90,1.0,0.25,304,c09_storm2_w80_u90_0029,1983,3061.778400,2776.705200,2758.898000,3003.177600,2856.388000,0.2891,0.0140
full_class_shift,9,90,1.0,0.25,305,c09_storm2_w80_u90_0020,1983,2177.667200,1539.472800,1455.083200,2154.681600,1504.394400,0.2317,0.0123
full_class_shift,9,90,1.0,0.25,305,c09_storm2_w80_u90_0021,1983,1754.070800,1711.612800,1715.692000,1719.228400,1724.693600,0.2317,0.0123
full_class_shift,9,90,1.0,0.25,305,c09_storm2_w80_u90_0022,1983,1255.530000,1203.709200,1203.709200,1245.562400,1218.304800,0.2317,0.0123
full_class_shift,9,90,1.0,0.25,305,c09_storm2_w80_u90_0023,1983,1251.113600,1215.494800,1201.997200,1242.408800,1185.189600,0.2317,0.0123
full_class_shift,9,90,1.0,0.25,305,c09_storm2_w80_u90_0024,1983,2040.184000,1428.791200,1425.202000,1727.396400,1434.189200,0.2317,0.0123
full_class_shift,9,90,1.0,0.25,305,c09_storm2_w80_u90_0025,1983,1653.087600,1572.779600,1574.198800,1621.426000,1550.068000,0.2317,0.0123
full_class_shift,9,90,1.0,0.25,305,c09_storm2_w80_u90_0026,1983,1769.389600,1280.455600,1278.866800,1655.275200,1308.659600,0.2317,0.0123
full_class_shift,9,90,1.0,0.25,305,c09_storm2_w80_u90_0027,1983,1752.833600,938.076400,804.470400,1041.454800,803.994000,0.2317,0.0123
full_class_shift,9,90,1.0,0.25,305,c09_storm2_w80_u90_0028,1983,804.369600,704.809200,709.621200,778.310000,730.334800,0.2317,0.0123
full_class_shift,9,90,1.0,0.25,305,c09_storm2_w80_u90_0029,1983,3061.778400,2807.905200,2852.839600,3003.177600,2856.388000,0.2317,0.0123
deadline_only,9,90,1.0,0.25,301,c09_storm2_w80_u90_0020,1983,2177.667200,1626.886000,1449.743200,2154.681600,1504.394400,0.2912,0.0115
deadline_only,9,90,1.0,0.25,301,c09_storm2_w80_u90_0021,1983,1754.070800,1715.361600,1717.823200,1719.228400,1724.693600,0.2912,0.0115
deadline_only,9,90,1.0,0.25,301,c09_storm2_w80_u90_0022,1983,1255.530000,1212.823200,1204.374800,1245.562400,1218.304800,0.2912,0.0115
deadline_only,9,90,1.0,0.25,301,c09_storm2_w80_u90_0023,1983,1251.113600,1203.804800,1206.176000,1242.408800,1185.189600,0.2912,0.0115
deadline_only,9,90,1.0,0.25,301,c09_storm2_w80_u90_0024,1983,2040.184000,1476.730800,1434.132800,1727.396400,1434.189200,0.2912,0.0115
deadline_only,9,90,1.0,0.25,301,c09_storm2_w80_u90_0025,1983,1653.087600,1573.244000,1573.244000,1621.426000,1550.068000,0.2912,0.0115
deadline_only,9,90,1.0,0.25,301,c09_storm2_w80_u90_0026,1983,1769.389600,1313.287200,1298.823200,1655.275200,1308.659600,0.2912,0.0115
deadline_only,9,90,1.0,0.25,301,c09_storm2_w80_u90_0027,1983,1752.833600,999.178400,838.152400,1041.454800,803.994000,0.2912,0.0115
deadline_only,9,90,1.0,0.25,301,c09_storm2_w80_u90_0028,1983,804.369600,691.733200,695.240400,778.310000,730.334800,0.2912,0.0115
deadline_only,9,90,1.0,0.25,301,c09_storm2_w80_u90_0029,1983,3061.778400,2783.162400,2765.460400,3003.177600,2856.388000,0.2912,0.0115
deadline_only,9,90,1.0,0.25,302,c09_storm2_w80_u90_0020,1983,2177.667200,1514.876400,1501.618400,2154.681600,1504.394400,0.2762,0.0178
deadline_only,9,90,1.0,0.25,302,c09_storm2_w80_u90_0021,1983,1754.070800,1716.083200,1710.846400,1719.228400,1724.693600,0.2762,0.0178
deadline_only,9,90,1.0,0.25,302,c09_storm2_w80_u90_0022,1983,1255.530000,1209.535600,1203.940400,1245.562400,1218.304800,0.2762,0.0178
deadline_only,9,90,1.0,0.25,302,c09_storm2_w80_u90_0023,1983,1251.113600,1223.970400,1216.634400,1242.408800,1185.189600,0.2762,0.0178
deadline_only,9,90,1.0,0.25,302,c09_storm2_w80_u90_0024,1983,2040.184000,1431.826800,1434.282800,1727.396400,1434.189200,0.2762,0.0178
deadline_only,9,90,1.0,0.25,302,c09_storm2_w80_u90_0025,1983,1653.087600,1566.508800,1566.508800,1621.426000,1550.068000,0.2762,0.0178
deadline_only,9,90,1.0,0.25,302,c09_storm2_w80_u90_0026,1983,1769.389600,1290.701200,1278.199200,1655.275200,1308.659600,0.2762,0.0178
deadline_only,9,90,1.0,0.25,302,c09_storm2_w80_u90_0027,1983,1752.833600,951.602800,896.911600,1041.454800,803.994000,0.2762,0.0178
deadline_only,9,90,1.0,0.25,302,c09_storm2_w80_u90_0028,1983,804.369600,687.173200,687.173200,778.310000,730.334800,0.2762,0.0178
deadline_only,9,90,1.0,0.25,302,c09_storm2_w80_u90_0029,1983,3061.778400,2844.268400,2844.268400,3003.177600,2856.388000,0.2762,0.0178
deadline_only,9,90,1.0,0.25,303,c09_storm2_w80_u90_0020,1983,2177.667200,1481.674800,1471.266400,2154.681600,1504.394400,0.2564,0.0145
deadline_only,9,90,1.0,0.25,303,c09_storm2_w80_u90_0021,1983,1754.070800,1719.452800,1719.452800,1719.228400,1724.693600,0.2564,0.0145
deadline_only,9,90,1.0,0.25,303,c09_storm2_w80_u90_0022,1983,1255.530000,1206.906800,1206.906800,1245.562400,1218.304800,0.2564,0.0145
deadline_only,9,90,1.0,0.25,303,c09_storm2_w80_u90_0023,1983,1251.113600,1205.146000,1210.313200,1242.408800,1185.189600,0.2564,0.0145
deadline_only,9,90,1.0,0.25,303,c09_storm2_w80_u90_0024,1983,2040.184000,1465.554800,1449.639200,1727.396400,1434.189200,0.2564,0.0145
deadline_only,9,90,1.0,0.25,303,c09_storm2_w80_u90_0025,1983,1653.087600,1578.902800,1579.290800,1621.426000,1550.068000,0.2564,0.0145
deadline_only,9,90,1.0,0.25,303,c09_storm2_w80_u90_0026,1983,1769.389600,1296.757200,1276.775200,1655.275200,1308.659600,0.2564,0.0145
deadline_only,9,90,1.0,0.25,303,c09_storm2_w80_u90_0027,1983,1752.833600,877.658000,810.605200,1041.454800,803.994000,0.2564,0.0145
deadline_only,9,90,1.0,0.25,303,c09_storm2_w80_u90_0028,1983,804.369600,695.346800,695.346800,778.310000,730.334800,0.2564,0.0145
deadline_only,9,90,1.0,0.25,303,c09_storm2_w80_u90_0029,1983,3061.778400,2808.716400,2807.259600,3003.177600,2856.388000,0.2564,0.0145
deadline_only,9,90,1.0,0.25,304,c09_storm2_w80_u90_0020,1983,2177.667200,1644.911200,1502.446400,2154.681600,1504.394400,0.2153,0.0149
deadline_only,9,90,1.0,0.25,304,c09_storm2_w80_u90_0021,1983,1754.070800,1721.553600,1721.218400,1719.228400,1724.693600,0.2153,0.0149
deadline_only,9,90,1.0,0.25,304,c09_storm2_w80_u90_0022,1983,1255.530000,1206.451600,1202.282800,1245.562400,1218.304800,0.2153,0.0149
deadline_only,9,90,1.0,0.25,304,c09_storm2_w80_u90_0023,1983,1251.113600,1220.144800,1198.199600,1242.408800,1185.189600,0.2153,0.0149
deadline_only,9,90,1.0,0.25,304,c09_storm2_w80_u90_0024,1983,2040.184000,1461.364400,1456.503200,1727.396400,1434.189200,0.2153,0.0149
deadline_only,9,90,1.0,0.25,304,c09_storm2_w80_u90_0025,1983,1653.087600,1565.510400,1565.510400,1621.426000,1550.068000,0.2153,0.0149
deadline_only,9,90,1.0,0.25,304,c09_storm2_w80_u90_0026,1983,1769.389600,1301.147200,1304.603200,1655.275200,1308.659600,0.2153,0.0149
deadline_only,9,90,1.0,0.25,304,c09_storm2_w80_u90_0027,1983,1752.833600,965.996000,881.548800,1041.454800,803.994000,0.2153,0.0149
deadline_only,9,90,1.0,0.25,304,c09_storm2_w80_u90_0028,1983,804.369600,700.459600,704.028400,778.310000,730.334800,0.2153,0.0149
deadline_only,9,90,1.0,0.25,304,c09_storm2_w80_u90_0029,1983,3061.778400,2867.728800,2836.583600,3003.177600,2856.388000,0.2153,0.0149
deadline_only,9,90,1.0,0.25,305,c09_storm2_w80_u90_0020,1983,2177.667200,1463.861200,1503.384800,2154.681600,1504.394400,0.2969,0.0099
deadline_only,9,90,1.0,0.25,305,c09_storm2_w80_u90_0021,1983,1754.070800,1716.343200,1718.870400,1719.228400,1724.693600,0.2969,0.0099
deadline_only,9,90,1.0,0.25,305,c09_storm2_w80_u90_0022,1983,1255.530000,1206.546400,1202.339200,1245.562400,1218.304800,0.2969,0.0099
deadline_only,9,90,1.0,0.25,305,c09_storm2_w80_u90_0023,1983,1251.113600,1197.829600,1191.177600,1242.408800,1185.189600,0.2969,0.0099
deadline_only,9,90,1.0,0.25,305,c09_storm2_w80_u90_0024,1983,2040.184000,1433.572000,1430.543200,1727.396400,1434.189200,0.2969,0.0099
deadline_only,9,90,1.0,0.25,305,c09_storm2_w80_u90_0025,1983,1653.087600,1575.616400,1578.061200,1621.426000,1550.068000,0.2969,0.0099
deadline_only,9,90,1.0,0.25,305,c09_storm2_w80_u90_0026,1983,1769.389600,1284.991200,1292.778800,1655.275200,1308.659600,0.2969,0.0099
deadline_only,9,90,1.0,0.25,305,c09_storm2_w80_u90_0027,1983,1752.833600,906.299600,825.728800,1041.454800,803.994000,0.2969,0.0099
deadline_only,9,90,1.0,0.25,305,c09_storm2_w80_u90_0028,1983,804.369600,696.631600,707.727600,778.310000,730.334800,0.2969,0.0099
deadline_only,9,90,1.0,0.25,305,c09_storm2_w80_u90_0029,1983,3061.778400,2802.224400,2827.858800,3003.177600,2856.388000,0.2969,0.0099
weight_only,9,90,1.0,0.25,301,c09_storm2_w80_u90_0020,1983,2177.667200,1933.488800,1793.604400,2154.681600,1504.394400,0.3972,0.0386
weight_only,9,90,1.0,0.25,301,c09_storm2_w80_u90_0021,1983,1754.070800,1744.731200,1722.672000,1719.228400,1724.693600,0.3972,0.0386
weight_only,9,90,1.0,0.25,301,c09_storm2_w80_u90_0022,1983,1255.530000,1217.456400,1210.502400,1245.562400,1218.304800,0.3972,0.0386
weight_only,9,90,1.0,0.25,301,c09_storm2_w80_u90_0023,1983,1251.113600,1224.596400,1217.862800,1242.408800,1185.189600,0.3972,0.0386
weight_only,9,90,1.0,0.25,301,c09_storm2_w80_u90_0024,1983,2040.184000,1808.447600,1723.253200,1727.396400,1434.189200,0.3972,0.0386
weight_only,9,90,1.0,0.25,301,c09_storm2_w80_u90_0025,1983,1653.087600,1649.060400,1650.536800,1621.426000,1550.068000,0.3972,0.0386
weight_only,9,90,1.0,0.25,301,c09_storm2_w80_u90_0026,1983,1769.389600,1514.561600,1382.487600,1655.275200,1308.659600,0.3972,0.0386
weight_only,9,90,1.0,0.25,301,c09_storm2_w80_u90_0027,1983,1752.833600,1436.343600,1311.156000,1041.454800,803.994000,0.3972,0.0386
weight_only,9,90,1.0,0.25,301,c09_storm2_w80_u90_0028,1983,804.369600,752.610800,729.841600,778.310000,730.334800,0.3972,0.0386
weight_only,9,90,1.0,0.25,301,c09_storm2_w80_u90_0029,1983,3061.778400,2936.019600,2923.957600,3003.177600,2856.388000,0.3972,0.0386
weight_only,9,90,1.0,0.25,302,c09_storm2_w80_u90_0020,1983,2177.667200,1891.403600,1851.266400,2154.681600,1504.394400,0.3957,0.0355
weight_only,9,90,1.0,0.25,302,c09_storm2_w80_u90_0021,1983,1754.070800,1738.509600,1721.595600,1719.228400,1724.693600,0.3957,0.0355
weight_only,9,90,1.0,0.25,302,c09_storm2_w80_u90_0022,1983,1255.530000,1219.834800,1205.396400,1245.562400,1218.304800,0.3957,0.0355
weight_only,9,90,1.0,0.25,302,c09_storm2_w80_u90_0023,1983,1251.113600,1238.355600,1240.099600,1242.408800,1185.189600,0.3957,0.0355
weight_only,9,90,1.0,0.25,302,c09_storm2_w80_u90_0024,1983,2040.184000,1847.171200,1700.442400,1727.396400,1434.189200,0.3957,0.0355
weight_only,9,90,1.0,0.25,302,c09_storm2_w80_u90_0025,1983,1653.087600,1643.542400,1600.150000,1621.426000,1550.068000,0.3957,0.0355
weight_only,9,90,1.0,0.25,302,c09_storm2_w80_u90_0026,1983,1769.389600,1512.657600,1471.380800,1655.275200,1308.659600,0.3957,0.0355
weight_only,9,90,1.0,0.25,302,c09_storm2_w80_u90_0027,1983,1752.833600,1418.992000,1107.400000,1041.454800,803.994000,0.3957,0.0355
weight_only,9,90,1.0,0.25,302,c09_storm2_w80_u90_0028,1983,804.369600,768.606800,734.333200,778.310000,730.334800,0.3957,0.0355
weight_only,9,90,1.0,0.25,302,c09_storm2_w80_u90_0029,1983,3061.778400,2921.261600,2893.976800,3003.177600,2856.388000,0.3957,0.0355
weight_only,9,90,1.0,0.25,303,c09_storm2_w80_u90_0020,1983,2177.667200,1856.836000,1838.252000,2154.681600,1504.394400,0.3824,0.0358
weight_only,9,90,1.0,0.25,303,c09_storm2_w80_u90_0021,1983,1754.070800,1714.128400,1717.630000,1719.228400,1724.693600,0.3824,0.0358
weight_only,9,90,1.0,0.25,303,c09_storm2_w80_u90_0022,1983,1255.530000,1211.434400,1211.434400,1245.562400,1218.304800,0.3824,0.0358
weight_only,9,90,1.0,0.25,303,c09_storm2_w80_u90_0023,1983,1251.113600,1234.688800,1249.733600,1242.408800,1185.189600,0.3824,0.0358
weight_only,9,90,1.0,0.25,303,c09_storm2_w80_u90_0024,1983,2040.184000,1707.824400,1664.800400,1727.396400,1434.189200,0.3824,0.0358
weight_only,9,90,1.0,0.25,303,c09_storm2_w80_u90_0025,1983,1653.087600,1642.666400,1621.018800,1621.426000,1550.068000,0.3824,0.0358
weight_only,9,90,1.0,0.25,303,c09_storm2_w80_u90_0026,1983,1769.389600,1484.272000,1369.247600,1655.275200,1308.659600,0.3824,0.0358
weight_only,9,90,1.0,0.25,303,c09_storm2_w80_u90_0027,1983,1752.833600,1515.754800,1046.676000,1041.454800,803.994000,0.3824,0.0358
weight_only,9,90,1.0,0.25,303,c09_storm2_w80_u90_0028,1983,804.369600,761.478400,732.480800,778.310000,730.334800,0.3824,0.0358
weight_only,9,90,1.0,0.25,303,c09_storm2_w80_u90_0029,1983,3061.778400,2918.156000,2894.515600,3003.177600,2856.388000,0.3824,0.0358
weight_only,9,90,1.0,0.25,304,c09_storm2_w80_u90_0020,1983,2177.667200,1965.540400,1905.512400,2154.681600,1504.394400,0.3303,0.0375
weight_only,9,90,1.0,0.25,304,c09_storm2_w80_u90_0021,1983,1754.070800,1738.094000,1732.768000,1719.228400,1724.693600,0.3303,0.0375
weight_only,9,90,1.0,0.25,304,c09_storm2_w80_u90_0022,1983,1255.530000,1208.638000,1209.479600,1245.562400,1218.304800,0.3303,0.0375
weight_only,9,90,1.0,0.25,304,c09_storm2_w80_u90_0023,1983,1251.113600,1235.805600,1232.483600,1242.408800,1185.189600,0.3303,0.0375
weight_only,9,90,1.0,0.25,304,c09_storm2_w80_u90_0024,1983,2040.184000,1825.975200,1648.250400,1727.396400,1434.189200,0.3303,0.0375
weight_only,9,90,1.0,0.25,304,c09_storm2_w80_u90_0025,1983,1653.087600,1663.831200,1584.638800,1621.426000,1550.068000,0.3303,0.0375
weight_only,9,90,1.0,0.25,304,c09_storm2_w80_u90_0026,1983,1769.389600,1537.849600,1505.020000,1655.275200,1308.659600,0.3303,0.0375
weight_only,9,90,1.0,0.25,304,c09_storm2_w80_u90_0027,1983,1752.833600,1425.578400,1215.307200,1041.454800,803.994000,0.3303,0.0375
weight_only,9,90,1.0,0.25,304,c09_storm2_w80_u90_0028,1983,804.369600,760.416800,728.079600,778.310000,730.334800,0.3303,0.0375
weight_only,9,90,1.0,0.25,304,c09_storm2_w80_u90_0029,1983,3061.778400,2916.784400,2926.618800,3003.177600,2856.388000,0.3303,0.0375
weight_only,9,90,1.0,0.25,305,c09_storm2_w80_u90_0020,1983,2177.667200,1924.250800,1906.865200,2154.681600,1504.394400,0.4066,0.0375
weight_only,9,90,1.0,0.25,305,c09_storm2_w80_u90_0021,1983,1754.070800,1724.335200,1728.060400,1719.228400,1724.693600,0.4066,0.0375
weight_only,9,90,1.0,0.25,305,c09_storm2_w80_u90_0022,1983,1255.530000,1224.005200,1214.658400,1245.562400,1218.304800,0.4066,0.0375
weight_only,9,90,1.0,0.25,305,c09_storm2_w80_u90_0023,1983,1251.113600,1227.669600,1233.707200,1242.408800,1185.189600,0.4066,0.0375
weight_only,9,90,1.0,0.25,305,c09_storm2_w80_u90_0024,1983,2040.184000,1794.365600,1670.608000,1727.396400,1434.189200,0.4066,0.0375
weight_only,9,90,1.0,0.25,305,c09_storm2_w80_u90_0025,1983,1653.087600,1653.292400,1576.409200,1621.426000,1550.068000,0.4066,0.0375
weight_only,9,90,1.0,0.25,305,c09_storm2_w80_u90_0026,1983,1769.389600,1499.763600,1435.306000,1655.275200,1308.659600,0.4066,0.0375
weight_only,9,90,1.0,0.25,305,c09_storm2_w80_u90_0027,1983,1752.833600,1434.282800,1200.046000,1041.454800,803.994000,0.4066,0.0375
weight_only,9,90,1.0,0.25,305,c09_storm2_w80_u90_0028,1983,804.369600,753.631600,735.416800,778.310000,730.334800,0.4066,0.0375
weight_only,9,90,1.0,0.25,305,c09_storm2_w80_u90_0029,1983,3061.778400,2903.520000,2879.050800,3003.177600,2856.388000,0.4066,0.0375
