scope,campus,cell,rule,beta,n,mean_rule,mean_oracle,abs_gap,pct,wins,ties,losses
campus,5,storm/150/a125_c100,atc,0.5,30,5.7780,5.7780,0.0000,0.0000,0,30,0
campus,9,storm/150/a125_c100,atc,0.5,30,33.8443,33.8443,0.0000,0.0000,0,30,0
campus,10,storm/150/a125_c100,atc,0.5,30,22.1232,22.1232,0.0000,0.0000,0,30,0
campus,12,storm/150/a125_c100,atc,0.5,30,467.6966,467.6966,0.0000,0.0000,0,30,0
pooled_loaded,9+12,storm/150/a125_c100,atc,0.5,60,250.7705,250.7705,0.0000,0.0000,0,60,0
campus,5,storm/150/a125_c100,atc,1.0,30,11.0483,11.0483,0.0000,0.0000,0,30,0
campus,9,storm/150/a125_c100,atc,1.0,30,20.2447,20.2447,0.0000,0.0000,0,30,0
campus,10,storm/150/a125_c100,atc,1.0,30,22.1686,22.1686,0.0000,0.0000,0,30,0
campus,12,storm/150/a125_c100,atc,1.0,30,390.1006,390.1006,0.0000,0.0000,0,30,0
pooled_loaded,9+12,storm/150/a125_c100,atc,1.0,60,205.1726,205.1726,0.0000,0.0000,0,60,0
campus,5,storm/150/a125_c100,edd,0.5,30,5.7780,5.7780,0.0000,0.0000,0,30,0
campus,9,storm/150/a125_c100,edd,0.5,30,33.8443,33.8443,0.0000,0.0000,0,30,0
campus,10,storm/150/a125_c100,edd,0.5,30,22.1232,22.1232,0.0000,0.0000,0,30,0
campus,12,storm/150/a125_c100,edd,0.5,30,467.6966,467.6966,0.0000,0.0000,0,30,0
pooled_loaded,9+12,storm/150/a125_c100,edd,0.5,60,250.7705,250.7705,0.0000,0.0000,0,60,0
campus,5,storm/150/a125_c100,edd,1.0,30,11.0483,11.0483,0.0000,0.0000,0,30,0
campus,9,storm/150/a125_c100,edd,1.0,30,20.2447,20.2447,0.0000,0.0000,0,30,0
campus,10,storm/150/a125_c100,edd,1.0,30,22.1686,22.1686,0.0000,0.0000,0,30,0
campus,12,storm/150/a125_c100,edd,1.0,30,390.1006,390.1006,0.0000,0.0000,0,30,0
pooled_loaded,9+12,storm/150/a125_c100,edd,1.0,60,205.1726,205.1726,0.0000,0.0000,0,60,0
campus,5,storm/150/a125_c80,atc,0.5,30,6.3719,6.3719,0.0000,0.0000,0,30,0
campus,9,storm/150/a125_c80,atc,0.5,30,25.9112,25.9112,0.0000,0.0000,0,30,0
campus,10,storm/150/a125_c80,atc,0.5,30,18.2339,18.2339,0.0000,0.0000,0,30,0
campus,12,storm/150/a125_c80,atc,0.5,30,528.5300,528.5300,0.0000,0.0000,0,30,0
pooled_loaded,9+12,storm/150/a125_c80,atc,0.5,60,277.2206,277.2206,0.0000,0.0000,0,60,0
campus,5,storm/150/a125_c80,atc,1.0,30,11.0483,11.0483,0.0000,0.0000,0,30,0
campus,9,storm/150/a125_c80,atc,1.0,30,20.2447,20.2447,0.0000,0.0000,0,30,0
campus,10,storm/150/a125_c80,atc,1.0,30,22.1686,22.1686,0.0000,0.0000,0,30,0
campus,12,storm/150/a125_c80,atc,1.0,30,390.1182,390.1182,0.0000,0.0000,0,30,0
pooled_loaded,9+12,storm/150/a125_c80,atc,1.0,60,205.1815,205.1815,0.0000,0.0000,0,60,0
campus,5,storm/150/a125_c80,edd,0.5,30,6.3719,6.3719,0.0000,0.0000,0,30,0
campus,9,storm/150/a125_c80,edd,0.5,30,25.9112,25.9112,0.0000,0.0000,0,30,0
campus,10,storm/150/a125_c80,edd,0.5,30,18.2339,18.2339,0.0000,0.0000,0,30,0
campus,12,storm/150/a125_c80,edd,0.5,30,528.5300,528.5300,0.0000,0.0000,0,30,0
pooled_loaded,9+12,storm/150/a125_c80,edd,0.5,60,277.2206,277.2206,0.0000,0.0000,0,60,0
campus,5,storm/150/a125_c80,edd,1.0,30,11.0483,11.0483,0.0000,0.0000,0,30,0
campus,9,storm/150/a125_c80,edd,1.0,30,20.2447,20.2447,0.0000,0.0000,0,30,0
campus,10,storm/150/a125_c80,edd,1.0,30,22.1686,22.1686,0.0000,0.0000,0,30,0
campus,12,storm/150/a125_c80,edd,1.0,30,390.1182,390.1182,0.0000,0.0000,0,30,0
pooled_loaded,9+12,storm/150/a125_c80,edd,1.0,60,205.1815,205.1815,0.0000,0.0000,0,60,0
campus,5,storm/150/a150_c100,atc,0.5,30,7.3889,7.3889,0.0000,0.0000,0,30,0
campus,9,storm/150/a150_c100,atc,0.5,30,19.8413,19.8413,0.0000,0.0000,0,30,0
campus,10,storm/150/a150_c100,atc,0.5,30,18.6307,18.6307,0.0000,0.0000,0,30,0
campus,12,storm/150/a150_c100,atc,0.5,30,472.1463,472.1463,0.0000,0.0000,0,30,0
pooled_loaded,9+12,storm/150/a150_c100,atc,0.5,60,245.9938,245.9938,0.0000,0.0000,0,60,0
campus,5,storm/150/a150_c100,atc,1.0,30,11.0483,11.0483,0.0000,0.0000,0,30,0
campus,9,storm/150/a150_c100,atc,1.0,30,21.1319,21.1319,0.0000,0.0000,0,30,0
campus,10,storm/150/a150_c100,atc,1.0,30,22.1686,22.1686,0.0000,0.0000,0,30,0
campus,12,storm/150/a150_c100,atc,1.0,30,390.1006,390.1006,0.0000,0.0000,0,30,0
pooled_loaded,9+12,storm/150/a150_c100,atc,1.0,60,205.6163,205.6163,0.0000,0.0000,0,60,0
campus,5,storm/150/a150_c100,edd,0.5,30,7.3889,7.3889,0.0000,0.0000,0,30,0
campus,9,storm/150/a150_c100,edd,0.5,30,19.8413,19.8413,0.0000,0.0000,0,30,0
campus,10,storm/150/a150_c100,edd,0.5,30,18.6307,18.6307,0.0000,0.0000,0,30,0
campus,12,storm/150/a150_c100,edd,0.5,30,472.1463,472.1463,0.0000,0.0000,0,30,0
pooled_loaded,9+12,storm/150/a150_c100,edd,0.5,60,245.9938,245.9938,0.0000,0.0000,0,60,0
campus,5,storm/150/a150_c100,edd,1.0,30,11.0483,11.0483,0.0000,0.0000,0,30,0
campus,9,storm/150/a150_c100,edd,1.0,30,21.1319,21.1319,0.0000,0.0000,0,30,0
campus,10,storm/150/a150_c100,edd,1.0,30,22.1686,22.1686,0.0000,0.0000,0,30,0
campus,12,storm/150/a150_c100,edd,1.0,30,390.1006,390.1006,0.0000,0.0000,0,30,0
pooled_loaded,9+12,storm/150/a150_c100,edd,1.0,60,205.6163,205.6163,0.0000,0.0000,0,60,0
campus,5,storm/150/a150_c80,atc,0.5,30,7.6056,7.6056,0.0000,0.0000,0,30,0
campus,9,storm/150/a150_c80,atc,0.5,30,21.3978,21.3978,0.0000,0.0000,0,30,0
campus,10,storm/150/a150_c80,atc,0.5,30,22.9172,22.9172,0.0000,0.0000,0,30,0
campus,12,storm/150/a150_c80,atc,0.5,30,490.5429,490.5429,0.0000,0.0000,0,30,0
pooled_loaded,9+12,storm/150/a150_c80,atc,0.5,60,255.9703,255.9703,0.0000,0.0000,0,60,0
campus,5,storm/150/a150_c80,atc,1.0,30,11.0483,11.0483,0.0000,0.0000,0,30,0
campus,9,storm/150/a150_c80,atc,1.0,30,21.1319,21.1319,0.0000,0.0000,0,30,0
campus,10,storm/150/a150_c80,atc,1.0,30,22.1686,22.1686,0.0000,0.0000,0,30,0
campus,12,storm/150/a150_c80,atc,1.0,30,390.2972,390.2972,0.0000,0.0000,0,30,0
pooled_loaded,9+12,storm/150/a150_c80,atc,1.0,60,205.7146,205.7146,0.0000,0.0000,0,60,0
campus,5,storm/150/a150_c80,edd,0.5,30,7.6056,7.6056,0.0000,0.0000,0,30,0
campus,9,storm/150/a150_c80,edd,0.5,30,21.3978,21.3978,0.0000,0.0000,0,30,0
campus,10,storm/150/a150_c80,edd,0.5,30,22.9172,22.9172,0.0000,0.0000,0,30,0
campus,12,storm/150/a150_c80,edd,0.5,30,490.5429,490.5429,0.0000,0.0000,0,30,0
pooled_loaded,9+12,storm/150/a150_c80,edd,0.5,60,255.9703,255.9703,0.0000,0.0000,0,60,0
campus,5,storm/150/a150_c80,edd,1.0,30,11.0483,11.0483,0.0000,0.0000,0,30,0
campus,9,storm/150/a150_c80,edd,1.0,30,21.1319,21.1319,0.0000,0.0000,0,30,0
campus,10,storm/150/a150_c80,edd,1.0,30,22.1686,22.1686,0.0000,0.0000,0,30,0
campus,12,storm/150/a150_c80,edd,1.0,30,390.2972,390.2972,0.0000,0.0000,0,30,0
pooled_loaded,9+12,storm/150/a150_c80,edd,1.0,60,205.7146,205.7146,0.0000,0.0000,0,60,0
campus,5,storm/150/a200_c100,atc,0.5,30,8.9740,8.8677,0.1062,1.1839,1,29,0
campus,9,storm/150/a200_c100,atc,0.5,30,53.0521,53.0521,0.0000,0.0000,0,30,0
campus,10,storm/150/a200_c100,atc,0.5,30,12.2508,12.2508,0.0000,0.0000,0,30,0
campus,12,storm/150/a200_c100,atc,0.5,30,493.0114,493.0114,0.0000,0.0000,0,30,0
pooled_loaded,9+12,storm/150/a200_c100,atc,0.5,60,273.0317,273.0317,0.0000,0.0000,0,60,0
campus,5,storm/150/a200_c100,atc,1.0,30,10.0308,10.0308,0.0000,0.0000,0,30,0
campus,9,storm/150/a200_c100,atc,1.0,30,56.6018,56.6018,0.0000,0.0000,0,30,0
campus,10,storm/150/a200_c100,atc,1.0,30,11.7507,11.7507,0.0000,0.0000,0,30,0
campus,12,storm/150/a200_c100,atc,1.0,30,403.5741,403.5741,0.0000,0.0000,0,30,0
pooled_loaded,9+12,storm/150/a200_c100,atc,1.0,60,230.0880,230.0880,0.0000,0.0000,0,60,0
campus,5,storm/150/a200_c100,edd,0.5,30,8.9740,8.8677,0.1062,1.1839,1,29,0
campus,9,storm/150/a200_c100,edd,0.5,30,53.0521,53.0521,0.0000,0.0000,0,30,0
campus,10,storm/150/a200_c100,edd,0.5,30,12.2508,12.2508,0.0000,0.0000,0,30,0
campus,12,storm/150/a200_c100,edd,0.5,30,493.0114,493.0114,0.0000,0.0000,0,30,0
pooled_loaded,9+12,storm/150/a200_c100,edd,0.5,60,273.0317,273.0317,0.0000,0.0000,0,60,0
campus,5,storm/150/a200_c100,edd,1.0,30,10.0308,10.0308,0.0000,0.0000,0,30,0
campus,9,storm/150/a200_c100,edd,1.0,30,56.6018,56.6018,0.0000,0.0000,0,30,0
campus,10,storm/150/a200_c100,edd,1.0,30,11.7507,11.7507,0.0000,0.0000,0,30,0
campus,12,storm/150/a200_c100,edd,1.0,30,403.5741,403.5741,0.0000,0.0000,0,30,0
pooled_loaded,9+12,storm/150/a200_c100,edd,1.0,60,230.0880,230.0880,0.0000,0.0000,0,60,0
campus,5,storm/150/a200_c80,atc,0.5,30,4.6521,4.6521,0.0000,0.0000,0,30,0
campus,9,storm/150/a200_c80,atc,0.5,30,54.2857,54.2857,0.0000,0.0000,0,30,0
campus,10,storm/150/a200_c80,atc,0.5,30,20.2834,20.2834,0.0000,0.0000,0,30,0
campus,12,storm/150/a200_c80,atc,0.5,30,659.8220,659.8220,0.0000,0.0000,0,30,0
pooled_loaded,9+12,storm/150/a200_c80,atc,0.5,60,357.0539,357.0539,0.0000,0.0000,0,60,0
campus,5,storm/150/a200_c80,atc,1.0,30,12.1661,12.1661,0.0000,0.0000,0,30,0
campus,9,storm/150/a200_c80,atc,1.0,30,55.9267,55.9267,0.0000,0.0000,0,30,0
campus,10,storm/150/a200_c80,atc,1.0,30,25.5911,25.5911,0.0000,0.0000,0,30,0
campus,12,storm/150/a200_c80,atc,1.0,30,564.7601,564.7601,0.0000,0.0000,0,30,0
pooled_loaded,9+12,storm/150/a200_c80,atc,1.0,60,310.3434,310.3434,0.0000,0.0000,0,60,0
campus,5,storm/150/a200_c80,edd,0.5,30,4.6521,4.6521,0.0000,0.0000,0,30,0
campus,9,storm/150/a200_c80,edd,0.5,30,54.2857,54.2857,0.0000,0.0000,0,30,0
campus,10,storm/150/a200_c80,edd,0.5,30,20.2834,20.2834,0.0000,0.0000,0,30,0
campus,12,storm/150/a200_c80,edd,0.5,30,659.8220,659.8220,0.0000,0.0000,0,30,0
pooled_loaded,9+12,storm/150/a200_c80,edd,0.5,60,357.0539,357.0539,0.0000,0.0000,0,60,0
campus,5,storm/150/a200_c80,edd,1.0,30,12.1661,12.1644,0.0017,0.0140,0,30,0
campus,9,storm/150/a200_c80,edd,1.0,30,55.9267,55.9267,0.0000,0.0000,0,30,0
campus,10,storm/150/a200_c80,edd,1.0,30,25.5911,25.5911,0.0000,0.0000,0,30,0
campus,12,storm/150/a200_c80,edd,1.0,30,564.7601,565.1250,-0.3649,-0.0646,0,29,1
pooled_loaded,9+12,storm/150/a200_c80,edd,1.0,60,310.3434,310.5259,-0.1825,-0.0588,0,59,1
campus,5,storm/150/a300_c100,atc,0.5,30,6.3194,6.2743,0.0451,0.7137,1,29,0
campus,9,storm/150/a300_c100,atc,0.5,30,47.2693,47.2693,0.0000,0.0000,0,30,0
campus,10,storm/150/a300_c100,atc,0.5,30,14.4531,14.4531,0.0000,0.0000,0,30,0
campus,12,storm/150/a300_c100,atc,0.5,30,505.2389,505.2389,0.0000,0.0000,0,30,0
pooled_loaded,9+12,storm/150/a300_c100,atc,0.5,60,276.2541,276.2541,0.0000,0.0000,0,60,0
campus,5,storm/150/a300_c100,atc,1.0,30,7.3340,7.3340,0.0000,0.0000,0,30,0
campus,9,storm/150/a300_c100,atc,1.0,30,55.0619,55.0619,0.0000,0.0000,0,30,0
campus,10,storm/150/a300_c100,atc,1.0,30,15.9598,15.9598,0.0000,0.0000,0,30,0
campus,12,storm/150/a300_c100,atc,1.0,30,435.3137,435.3137,0.0000,0.0000,0,30,0
pooled_loaded,9+12,storm/150/a300_c100,atc,1.0,60,245.1878,245.1878,0.0000,0.0000,0,60,0
campus,5,storm/150/a300_c100,edd,0.5,30,6.7809,6.2743,0.5066,7.4709,2,28,0
campus,9,storm/150/a300_c100,edd,0.5,30,47.2693,47.2693,0.0000,0.0000,0,30,0
campus,10,storm/150/a300_c100,edd,0.5,30,14.4531,14.4531,0.0000,0.0000,0,30,0
campus,12,storm/150/a300_c100,edd,0.5,30,505.2389,505.2389,0.0000,0.0000,0,30,0
pooled_loaded,9+12,storm/150/a300_c100,edd,0.5,60,276.2541,276.2541,0.0000,0.0000,0,60,0
campus,5,storm/150/a300_c100,edd,1.0,30,7.3340,7.3340,0.0000,0.0000,0,30,0
campus,9,storm/150/a300_c100,edd,1.0,30,55.0619,55.0619,0.0000,0.0000,0,30,0
campus,10,storm/150/a300_c100,edd,1.0,30,15.9598,15.9598,0.0000,0.0000,0,30,0
campus,12,storm/150/a300_c100,edd,1.0,30,435.3137,435.3137,0.0000,0.0000,0,30,0
pooled_loaded,9+12,storm/150/a300_c100,edd,1.0,60,245.1878,245.1878,0.0000,0.0000,0,60,0
campus,5,storm/150/a300_c80,atc,0.5,30,3.2011,3.1768,0.0243,0.7587,0,30,0
campus,9,storm/150/a300_c80,atc,0.5,30,84.3321,84.3321,0.0000,0.0000,0,30,0
campus,10,storm/150/a300_c80,atc,0.5,30,19.9627,19.9627,0.0000,0.0000,0,30,0
campus,12,storm/150/a300_c80,atc,0.5,30,377.2650,377.1366,0.1285,0.0340,1,29,0
pooled_loaded,9+12,storm/150/a300_c80,atc,0.5,60,230.7986,230.7343,0.0642,0.0278,1,59,0
campus,5,storm/150/a300_c80,atc,1.0,30,16.6745,16.6597,0.0148,0.0885,0,30,0
campus,9,storm/150/a300_c80,atc,1.0,30,85.2410,85.2410,0.0000,0.0000,0,30,0
campus,10,storm/150/a300_c80,atc,1.0,30,27.5942,27.5942,0.0000,0.0000,0,30,0
campus,12,storm/150/a300_c80,atc,1.0,30,349.0797,349.0767,0.0030,0.0008,0,30,0
pooled_loaded,9+12,storm/150/a300_c80,atc,1.0,60,217.1604,217.1589,0.0015,0.0007,0,60,0
campus,5,storm/150/a300_c80,edd,0.5,30,3.2011,3.1792,0.0219,0.6852,0,30,0
campus,9,storm/150/a300_c80,edd,0.5,30,84.3321,84.3321,0.0000,0.0000,0,30,0
campus,10,storm/150/a300_c80,edd,0.5,30,19.9627,19.9627,0.0000,0.0000,0,30,0
campus,12,storm/150/a300_c80,edd,0.5,30,377.0578,377.0578,0.0000,0.0000,0,30,0
pooled_loaded,9+12,storm/150/a300_c80,edd,0.5,60,230.6949,230.6949,0.0000,0.0000,0,60,0
campus,5,storm/150/a300_c80,edd,1.0,30,16.6771,16.6336,0.0435,0.2608,0,30,0
campus,9,storm/150/a300_c80,edd,1.0,30,85.2410,85.2410,0.0000,0.0000,0,30,0
campus,10,storm/150/a300_c80,edd,1.0,30,27.5942,27.5942,0.0000,0.0000,0,30,0
campus,12,storm/150/a300_c80,edd,1.0,30,348.9997,348.9979,0.0018,0.0005,0,30,0
pooled_loaded,9+12,storm/150/a300_c80,edd,1.0,60,217.1204,217.1195,0.0009,0.0004,0,60,0
campus,5,pmmix/150/p20_c60,atc,0.5,30,10.6008,10.3416,0.2592,2.4448,1,29,0
campus,9,pmmix/150/p20_c60,atc,0.5,30,165.5989,165.5989,0.0000,0.0000,0,30,0
campus,10,pmmix/150/p20_c60,atc,0.5,30,68.1951,68.1951,0.0000,0.0000,0,30,0
campus,12,pmmix/150/p20_c60,atc,0.5,30,447.4700,447.4700,0.0000,0.0000,0,30,0
pooled_loaded,9+12,pmmix/150/p20_c60,atc,0.5,60,306.5345,306.5345,0.0000,0.0000,0,60,0
campus,5,pmmix/150/p20_c60,atc,1.0,30,13.7106,13.7106,0.0000,0.0000,0,30,0
campus,9,pmmix/150/p20_c60,atc,1.0,30,169.5453,169.5453,0.0000,0.0000,0,30,0
campus,10,pmmix/150/p20_c60,atc,1.0,30,70.1490,70.1490,0.0000,0.0000,0,30,0
campus,12,pmmix/150/p20_c60,atc,1.0,30,361.2415,361.2415,0.0000,0.0000,0,30,0
pooled_loaded,9+12,pmmix/150/p20_c60,atc,1.0,60,265.3934,265.3934,0.0000,0.0000,0,60,0
campus,5,pmmix/150/p20_c60,edd,0.5,30,10.4744,10.1116,0.3629,3.4642,2,28,0
campus,9,pmmix/150/p20_c60,edd,0.5,30,165.5989,165.5989,0.0000,0.0000,0,30,0
campus,10,pmmix/150/p20_c60,edd,0.5,30,68.1951,68.1951,0.0000,0.0000,0,30,0
campus,12,pmmix/150/p20_c60,edd,0.5,30,447.4700,447.4700,0.0000,0.0000,0,30,0
pooled_loaded,9+12,pmmix/150/p20_c60,edd,0.5,60,306.5345,306.5345,0.0000,0.0000,0,60,0
campus,5,pmmix/150/p20_c60,edd,1.0,30,13.7952,13.4602,0.3350,2.4282,1,29,0
campus,9,pmmix/150/p20_c60,edd,1.0,30,169.5453,169.5453,0.0000,0.0000,0,30,0
campus,10,pmmix/150/p20_c60,edd,1.0,30,70.1490,70.1490,0.0000,0.0000,0,30,0
campus,12,pmmix/150/p20_c60,edd,1.0,30,361.2415,361.2415,0.0000,0.0000,0,30,0
pooled_loaded,9+12,pmmix/150/p20_c60,edd,1.0,60,265.3934,265.3934,0.0000,0.0000,0,60,0
campus,5,pmmix/150/p50_c60,atc,0.5,30,4.4291,4.4160,0.0132,0.2971,0,30,0
campus,9,pmmix/150/p50_c60,atc,0.5,30,142.7767,142.8170,-0.0403,-0.0282,0,29,1
campus,10,pmmix/150/p50_c60,atc,0.5,30,24.6592,24.6592,0.0000,0.0000,0,30,0
campus,12,pmmix/150/p50_c60,atc,0.5,30,224.1632,224.1632,0.0000,0.0000,0,30,0
pooled_loaded,9+12,pmmix/150/p50_c60,atc,0.5,60,183.4699,183.4901,-0.0202,-0.0110,0,59,1
campus,5,pmmix/150/p50_c60,atc,1.0,30,6.5149,6.5149,0.0000,0.0000,0,30,0
campus,9,pmmix/150/p50_c60,atc,1.0,30,121.1446,120.6076,0.5370,0.4433,1,29,0
campus,10,pmmix/150/p50_c60,atc,1.0,30,24.3354,24.3354,0.0000,0.0000,0,30,0
campus,12,pmmix/150/p50_c60,atc,1.0,30,224.7067,224.7067,0.0000,0.0000,0,30,0
pooled_loaded,9+12,pmmix/150/p50_c60,atc,1.0,60,172.9257,172.6572,0.2685,0.1553,1,59,0
campus,5,pmmix/150/p50_c60,edd,0.5,30,4.4258,4.4160,0.0098,0.2220,0,30,0
campus,9,pmmix/150/p50_c60,edd,0.5,30,142.7533,142.7936,-0.0403,-0.0282,0,29,1
campus,10,pmmix/150/p50_c60,edd,0.5,30,24.6592,24.6592,0.0000,0.0000,0,30,0
campus,12,pmmix/150/p50_c60,edd,0.5,30,224.1632,224.1632,0.0000,0.0000,0,30,0
pooled_loaded,9+12,pmmix/150/p50_c60,edd,0.5,60,183.4583,183.4784,-0.0202,-0.0110,0,59,1
campus,5,pmmix/150/p50_c60,edd,1.0,30,6.5149,6.5149,0.0000,0.0000,0,30,0
campus,9,pmmix/150/p50_c60,edd,1.0,30,120.5843,120.5843,0.0000,0.0000,0,30,0
campus,10,pmmix/150/p50_c60,edd,1.0,30,24.3354,24.3354,0.0000,0.0000,0,30,0
campus,12,pmmix/150/p50_c60,edd,1.0,30,224.7067,224.7067,0.0000,0.0000,0,30,0
pooled_loaded,9+12,pmmix/150/p50_c60,edd,1.0,60,172.6455,172.6455,0.0000,0.0000,0,60,0
campus,5,pmmix/150/p80_c60,atc,0.5,30,5.3293,5.2334,0.0959,1.7992,1,29,0
campus,9,pmmix/150/p80_c60,atc,0.5,30,43.4314,43.4314,0.0000,0.0000,0,30,0
campus,10,pmmix/150/p80_c60,atc,0.5,30,4.9264,4.9264,0.0000,0.0000,0,30,0
campus,12,pmmix/150/p80_c60,atc,0.5,30,141.9658,141.9658,0.0000,0.0000,0,30,0
pooled_loaded,9+12,pmmix/150/p80_c60,atc,0.5,60,92.6986,92.6986,0.0000,0.0000,0,60,0
campus,5,pmmix/150/p80_c60,atc,1.0,30,1.7151,1.7151,0.0000,0.0000,0,30,0
campus,9,pmmix/150/p80_c60,atc,1.0,30,42.1828,42.1828,0.0000,0.0000,0,30,0
campus,10,pmmix/150/p80_c60,atc,1.0,30,2.5155,2.5155,0.0000,0.0000,0,30,0
campus,12,pmmix/150/p80_c60,atc,1.0,30,103.2528,103.2528,0.0000,0.0000,0,30,0
pooled_loaded,9+12,pmmix/150/p80_c60,atc,1.0,60,72.7178,72.7178,0.0000,0.0000,0,60,0
campus,5,pmmix/150/p80_c60,edd,0.5,30,5.2570,5.2334,0.0237,0.4504,0,30,0
campus,9,pmmix/150/p80_c60,edd,0.5,30,43.4314,43.4314,0.0000,0.0000,0,30,0
campus,10,pmmix/150/p80_c60,edd,0.5,30,4.9264,4.9264,0.0000,0.0000,0,30,0
campus,12,pmmix/150/p80_c60,edd,0.5,30,141.9658,141.9658,0.0000,0.0000,0,30,0
pooled_loaded,9+12,pmmix/150/p80_c60,edd,0.5,60,92.6986,92.6986,0.0000,0.0000,0,60,0
campus,5,pmmix/150/p80_c60,edd,1.0,30,1.7151,1.7151,0.0000,0.0000,0,30,0
campus,9,pmmix/150/p80_c60,edd,1.0,30,42.1828,42.1828,0.0000,0.0000,0,30,0
campus,10,pmmix/150/p80_c60,edd,1.0,30,2.5155,2.5155,0.0000,0.0000,0,30,0
campus,12,pmmix/150/p80_c60,edd,1.0,30,103.2528,103.2528,0.0000,0.0000,0,30,0
pooled_loaded,9+12,pmmix/150/p80_c60,edd,1.0,60,72.7178,72.7178,0.0000,0.0000,0,60,0
