campus,track,size,level,beta,inst_id,nwo,status_rule,status_rule_fair,status_oracle,both_opt,both_opt_fair,twt_rule,twt_rule_fair,twt_oracle
9,storm,150,a300_c80,0.5,c09_storm_150_a300_c80_0000,150,OPTIMAL,FEASIBLE,OPTIMAL,True,False,213.2773,0.0000,0.0000
9,storm,150,a300_c80,1.0,c09_storm_150_a300_c80_0000,150,OPTIMAL,FEASIBLE,OPTIMAL,True,False,129.5436,0.0000,0.0000
9,storm,150,a300_c80,0.5,c09_storm_150_a300_c80_0001,150,OPTIMAL,FEASIBLE,OPTIMAL,True,False,837.0572,317.1557,317.1557
9,storm,150,a300_c80,1.0,c09_storm_150_a300_c80_0001,150,OPTIMAL,FEASIBLE,OPTIMAL,True,False,507.5726,308.4692,308.4692
9,storm,150,a300_c80,0.5,c09_storm_150_a300_c80_0002,150,OPTIMAL,FEASIBLE,OPTIMAL,True,False,461.9622,301.9512,301.9512
9,storm,150,a300_c80,1.0,c09_storm_150_a300_c80_0002,150,OPTIMAL,FEASIBLE,OPTIMAL,True,False,517.9622,301.9512,301.9512
9,storm,150,a300_c80,0.5,c09_storm_150_a300_c80_0003,150,OPTIMAL,FEASIBLE,OPTIMAL,True,False,120.0659,68.3896,68.3896
9,storm,150,a300_c80,1.0,c09_storm_150_a300_c80_0003,150,OPTIMAL,FEASIBLE,OPTIMAL,True,False,121.9359,68.3896,68.3896
9,storm,150,a300_c80,0.5,c09_storm_150_a300_c80_0004,150,OPTIMAL,FEASIBLE,OPTIMAL,True,False,664.5929,17.1884,17.1884
9,storm,150,a300_c80,1.0,c09_storm_150_a300_c80_0004,150,OPTIMAL,FEASIBLE,OPTIMAL,True,False,773.2105,17.1884,17.1884
9,storm,150,a300_c80,0.5,c09_storm_150_a300_c80_0005,150,OPTIMAL,FEASIBLE,OPTIMAL,True,False,143.5649,0.0000,0.0000
9,storm,150,a300_c80,1.0,c09_storm_150_a300_c80_0005,150,OPTIMAL,FEASIBLE,OPTIMAL,True,False,88.2171,0.0000,0.0000
9,storm,150,a300_c80,0.5,c09_storm_150_a300_c80_0006,150,OPTIMAL,OPTIMAL,OPTIMAL,True,True,146.2452,0.0000,0.0000
9,storm,150,a300_c80,1.0,c09_storm_150_a300_c80_0006,150,OPTIMAL,OPTIMAL,OPTIMAL,True,True,201.5717,0.0000,0.0000
9,storm,150,a300_c80,0.5,c09_storm_150_a300_c80_0007,150,OPTIMAL,OPTIMAL,OPTIMAL,True,True,252.7550,125.1568,125.1568
9,storm,150,a300_c80,1.0,c09_storm_150_a300_c80_0007,150,OPTIMAL,OPTIMAL,OPTIMAL,True,True,202.4103,109.0904,109.0904
9,storm,150,a300_c80,0.5,c09_storm_150_a300_c80_0008,150,OPTIMAL,FEASIBLE,OPTIMAL,True,False,447.1490,267.9408,267.9408
9,storm,150,a300_c80,1.0,c09_storm_150_a300_c80_0008,150,OPTIMAL,FEASIBLE,OPTIMAL,True,False,487.4331,307.6564,307.6564
9,storm,150,a300_c80,0.5,c09_storm_150_a300_c80_0009,150,OPTIMAL,OPTIMAL,OPTIMAL,True,True,483.0770,3.9040,3.9040
9,storm,150,a300_c80,1.0,c09_storm_150_a300_c80_0009,150,OPTIMAL,OPTIMAL,OPTIMAL,True,True,506.9199,3.9040,3.9040
9,storm,150,a300_c80,0.5,c09_storm_150_a300_c80_0010,150,OPTIMAL,FEASIBLE,OPTIMAL,True,False,566.9603,113.6808,113.6808
9,storm,150,a300_c80,1.0,c09_storm_150_a300_c80_0010,150,OPTIMAL,FEASIBLE,OPTIMAL,True,False,259.4030,16.7528,16.7528
9,storm,150,a300_c80,0.5,c09_storm_150_a300_c80_0011,150,OPTIMAL,FEASIBLE,OPTIMAL,True,False,323.4061,68.0556,68.0556
9,storm,150,a300_c80,1.0,c09_storm_150_a300_c80_0011,150,OPTIMAL,FEASIBLE,OPTIMAL,True,False,437.5339,68.0556,68.0556
9,storm,150,a300_c80,0.5,c09_storm_150_a300_c80_0012,150,OPTIMAL,FEASIBLE,OPTIMAL,True,False,239.6864,70.9096,70.9096
9,storm,150,a300_c80,1.0,c09_storm_150_a300_c80_0012,150,OPTIMAL,FEASIBLE,OPTIMAL,True,False,207.6019,70.9096,70.9096
9,storm,150,a300_c80,0.5,c09_storm_150_a300_c80_0013,150,OPTIMAL,FEASIBLE,OPTIMAL,True,False,319.8536,34.3324,34.3324
9,storm,150,a300_c80,1.0,c09_storm_150_a300_c80_0013,150,OPTIMAL,FEASIBLE,OPTIMAL,True,False,91.5917,0.0000,0.0000
9,storm,150,a300_c80,0.5,c09_storm_150_a300_c80_0014,150,OPTIMAL,FEASIBLE,OPTIMAL,True,False,282.2044,0.0000,0.0000
9,storm,150,a300_c80,1.0,c09_storm_150_a300_c80_0014,150,OPTIMAL,FEASIBLE,OPTIMAL,True,False,158.8251,0.0000,0.0000
9,storm,150,a300_c80,0.5,c09_storm_150_a300_c80_0015,150,OPTIMAL,FEASIBLE,OPTIMAL,True,False,307.3263,0.0000,0.0000
9,storm,150,a300_c80,1.0,c09_storm_150_a300_c80_0015,150,OPTIMAL,FEASIBLE,OPTIMAL,True,False,103.6566,0.0000,0.0000
9,storm,150,a300_c80,0.5,c09_storm_150_a300_c80_0016,150,OPTIMAL,FEASIBLE,OPTIMAL,True,False,324.6404,172.9932,172.9932
9,storm,150,a300_c80,1.0,c09_storm_150_a300_c80_0016,150,OPTIMAL,FEASIBLE,OPTIMAL,True,False,380.5278,236.9932,236.9932
9,storm,150,a300_c80,0.5,c09_storm_150_a300_c80_0017,150,OPTIMAL,FEASIBLE,OPTIMAL,True,False,437.4504,38.7584,38.7584
9,storm,150,a300_c80,1.0,c09_storm_150_a300_c80_0017,150,OPTIMAL,FEASIBLE,OPTIMAL,True,False,326.6195,61.2840,61.2840
9,storm,150,a300_c80,0.5,c09_storm_150_a300_c80_0018,150,OPTIMAL,FEASIBLE,OPTIMAL,True,False,690.0015,168.6856,168.6856
9,storm,150,a300_c80,1.0,c09_storm_150_a300_c80_0018,150,OPTIMAL,FEASIBLE,OPTIMAL,True,False,471.6754,168.6856,168.6856
9,storm,150,a300_c80,0.5,c09_storm_150_a300_c80_0019,150,OPTIMAL,OPTIMAL,OPTIMAL,True,True,368.8668,10.2084,10.2084
9,storm,150,a300_c80,1.0,c09_storm_150_a300_c80_0019,150,OPTIMAL,OPTIMAL,OPTIMAL,True,True,416.4004,0.0000,0.0000
9,storm,150,a200_c100,0.5,c09_storm_150_a200_c100_0000,150,OPTIMAL,OPTIMAL,OPTIMAL,True,True,185.3299,0.0000,0.0000
9,storm,150,a200_c100,1.0,c09_storm_150_a200_c100_0000,150,OPTIMAL,OPTIMAL,OPTIMAL,True,True,53.2727,0.0000,0.0000
9,storm,150,a200_c100,0.5,c09_storm_150_a200_c100_0001,150,OPTIMAL,OPTIMAL,OPTIMAL,True,True,94.9051,94.9051,94.9051
9,storm,150,a200_c100,1.0,c09_storm_150_a200_c100_0001,150,OPTIMAL,OPTIMAL,OPTIMAL,True,True,63.4272,63.4272,63.4272
9,storm,150,a200_c100,0.5,c09_storm_150_a200_c100_0002,150,OPTIMAL,OPTIMAL,OPTIMAL,True,True,4.3020,4.3020,4.3020
9,storm,150,a200_c100,1.0,c09_storm_150_a200_c100_0002,150,OPTIMAL,OPTIMAL,OPTIMAL,True,True,33.6918,4.3020,4.3020
9,storm,150,a200_c100,0.5,c09_storm_150_a200_c100_0003,150,OPTIMAL,OPTIMAL,OPTIMAL,True,True,13.4336,13.4336,13.4336
9,storm,150,a200_c100,1.0,c09_storm_150_a200_c100_0003,150,OPTIMAL,OPTIMAL,OPTIMAL,True,True,15.4290,15.4290,15.4290
9,storm,150,a200_c100,0.5,c09_storm_150_a200_c100_0004,150,OPTIMAL,OPTIMAL,OPTIMAL,True,True,188.7896,41.3424,41.3424
9,storm,150,a200_c100,1.0,c09_storm_150_a200_c100_0004,150,OPTIMAL,OPTIMAL,OPTIMAL,True,True,244.6712,41.3424,41.3424
9,storm,150,a200_c100,0.5,c09_storm_150_a200_c100_0005,150,OPTIMAL,OPTIMAL,OPTIMAL,True,True,130.6548,4.1468,4.1468
9,storm,150,a200_c100,1.0,c09_storm_150_a200_c100_0005,150,OPTIMAL,OPTIMAL,OPTIMAL,True,True,195.3777,4.1468,4.1468
9,storm,150,a200_c100,0.5,c09_storm_150_a200_c100_0006,150,OPTIMAL,OPTIMAL,OPTIMAL,True,True,394.7478,131.5408,131.5408
9,storm,150,a200_c100,1.0,c09_storm_150_a200_c100_0006,150,OPTIMAL,OPTIMAL,OPTIMAL,True,True,308.0707,195.5408,195.5408
9,storm,150,a200_c100,0.5,c09_storm_150_a200_c100_0007,150,OPTIMAL,OPTIMAL,OPTIMAL,True,True,80.9139,27.8272,27.8272
9,storm,150,a200_c100,1.0,c09_storm_150_a200_c100_0007,150,OPTIMAL,OPTIMAL,OPTIMAL,True,True,73.0760,27.8272,27.8272
9,storm,150,a200_c100,0.5,c09_storm_150_a200_c100_0008,150,OPTIMAL,OPTIMAL,OPTIMAL,True,True,71.3948,0.0000,0.0000
9,storm,150,a200_c100,1.0,c09_storm_150_a200_c100_0008,150,OPTIMAL,OPTIMAL,OPTIMAL,True,True,22.4968,22.4968,22.4968
9,storm,150,a200_c100,0.5,c09_storm_150_a200_c100_0009,150,OPTIMAL,OPTIMAL,OPTIMAL,True,True,378.5616,238.5984,238.5984
9,storm,150,a200_c100,1.0,c09_storm_150_a200_c100_0009,150,OPTIMAL,OPTIMAL,OPTIMAL,True,True,373.2519,302.5984,302.5984
9,storm,150,a200_c100,0.5,c09_storm_150_a200_c100_0010,150,OPTIMAL,OPTIMAL,OPTIMAL,True,True,0.0000,0.0000,0.0000
9,storm,150,a200_c100,1.0,c09_storm_150_a200_c100_0010,150,OPTIMAL,OPTIMAL,OPTIMAL,True,True,0.0000,0.0000,0.0000
9,storm,150,a200_c100,0.5,c09_storm_150_a200_c100_0011,150,OPTIMAL,OPTIMAL,OPTIMAL,True,True,231.9129,0.0000,0.0000
9,storm,150,a200_c100,1.0,c09_storm_150_a200_c100_0011,150,OPTIMAL,OPTIMAL,OPTIMAL,True,True,139.2719,0.0000,0.0000
9,storm,150,a200_c100,0.5,c09_storm_150_a200_c100_0012,150,OPTIMAL,OPTIMAL,OPTIMAL,True,True,244.4274,149.1628,149.1628
9,storm,150,a200_c100,1.0,c09_storm_150_a200_c100_0012,150,OPTIMAL,OPTIMAL,OPTIMAL,True,True,290.8809,145.5740,145.5740
9,storm,150,a200_c100,0.5,c09_storm_150_a200_c100_0013,150,OPTIMAL,OPTIMAL,OPTIMAL,True,True,0.0000,0.0000,0.0000
9,storm,150,a200_c100,1.0,c09_storm_150_a200_c100_0013,150,OPTIMAL,OPTIMAL,OPTIMAL,True,True,1.0570,1.0570,1.0570
9,storm,150,a200_c100,0.5,c09_storm_150_a200_c100_0014,150,OPTIMAL,OPTIMAL,OPTIMAL,True,True,226.1123,27.4544,27.4544
9,storm,150,a200_c100,1.0,c09_storm_150_a200_c100_0014,150,OPTIMAL,OPTIMAL,OPTIMAL,True,True,282.1123,27.4544,27.4544
9,storm,150,a200_c100,0.5,c09_storm_150_a200_c100_0015,150,OPTIMAL,OPTIMAL,OPTIMAL,True,True,101.2525,46.2360,46.2360
9,storm,150,a200_c100,1.0,c09_storm_150_a200_c100_0015,150,OPTIMAL,OPTIMAL,OPTIMAL,True,True,77.3836,42.3048,42.3048
9,storm,150,a200_c100,0.5,c09_storm_150_a200_c100_0016,150,OPTIMAL,FEASIBLE,OPTIMAL,True,False,125.9604,29.0932,29.0932
9,storm,150,a200_c100,1.0,c09_storm_150_a200_c100_0016,150,OPTIMAL,FEASIBLE,OPTIMAL,True,False,80.0978,29.0932,29.0932
9,storm,150,a200_c100,0.5,c09_storm_150_a200_c100_0017,150,OPTIMAL,OPTIMAL,OPTIMAL,True,True,20.2856,0.0000,0.0000
9,storm,150,a200_c100,1.0,c09_storm_150_a200_c100_0017,150,OPTIMAL,OPTIMAL,OPTIMAL,True,True,34.4684,14.1828,14.1828
9,storm,150,a200_c100,0.5,c09_storm_150_a200_c100_0018,150,OPTIMAL,OPTIMAL,OPTIMAL,True,True,113.7630,5.4676,5.4676
9,storm,150,a200_c100,1.0,c09_storm_150_a200_c100_0018,150,OPTIMAL,OPTIMAL,OPTIMAL,True,True,150.4773,14.6212,14.6212
9,storm,150,a200_c100,0.5,c09_storm_150_a200_c100_0019,150,OPTIMAL,OPTIMAL,OPTIMAL,True,True,122.4687,0.0000,0.0000
9,storm,150,a200_c100,1.0,c09_storm_150_a200_c100_0019,150,OPTIMAL,OPTIMAL,OPTIMAL,True,True,114.3266,0.0000,0.0000
9,pmmix,150,p20_c60,0.5,c09_pmmix_150_p20_c60_0000,150,OPTIMAL,OPTIMAL,OPTIMAL,True,True,485.8176,367.7052,367.7052
9,pmmix,150,p20_c60,1.0,c09_pmmix_150_p20_c60_0000,150,OPTIMAL,OPTIMAL,OPTIMAL,True,True,458.6344,340.5220,340.5220
9,pmmix,150,p20_c60,0.5,c09_pmmix_150_p20_c60_0001,150,OPTIMAL,OPTIMAL,OPTIMAL,True,True,151.2840,114.9576,114.9576
9,pmmix,150,p20_c60,1.0,c09_pmmix_150_p20_c60_0001,150,OPTIMAL,OPTIMAL,OPTIMAL,True,True,178.6282,142.3018,142.3018
9,pmmix,150,p20_c60,0.5,c09_pmmix_150_p20_c60_0002,150,OPTIMAL,FEASIBLE,OPTIMAL,True,False,64.2068,18.7112,18.7112
9,pmmix,150,p20_c60,1.0,c09_pmmix_150_p20_c60_0002,150,OPTIMAL,FEASIBLE,OPTIMAL,True,False,44.7300,44.7300,44.7300
9,pmmix,150,p20_c60,0.5,c09_pmmix_150_p20_c60_0003,150,OPTIMAL,OPTIMAL,OPTIMAL,True,True,319.9076,284.5660,284.5660
9,pmmix,150,p20_c60,1.0,c09_pmmix_150_p20_c60_0003,150,OPTIMAL,OPTIMAL,OPTIMAL,True,True,273.2472,154.6536,154.6536
9,pmmix,150,p20_c60,0.5,c09_pmmix_150_p20_c60_0004,150,OPTIMAL,OPTIMAL,OPTIMAL,True,True,300.2724,81.4328,81.4328
9,pmmix,150,p20_c60,1.0,c09_pmmix_150_p20_c60_0004,150,OPTIMAL,OPTIMAL,OPTIMAL,True,True,202.3552,55.1948,55.1948
9,pmmix,150,p20_c60,0.5,c09_pmmix_150_p20_c60_0005,150,OPTIMAL,OPTIMAL,OPTIMAL,True,True,411.3645,171.3040,171.3040
9,pmmix,150,p20_c60,1.0,c09_pmmix_150_p20_c60_0005,150,OPTIMAL,OPTIMAL,OPTIMAL,True,True,368.0396,178.2104,178.2104
9,pmmix,150,p20_c60,0.5,c09_pmmix_150_p20_c60_0006,150,OPTIMAL,OPTIMAL,OPTIMAL,True,True,32.5092,32.5092,32.5092
9,pmmix,150,p20_c60,1.0,c09_pmmix_150_p20_c60_0006,150,OPTIMAL,OPTIMAL,OPTIMAL,True,True,74.9468,74.9468,74.9468
9,pmmix,150,p20_c60,0.5,c09_pmmix_150_p20_c60_0007,150,OPTIMAL,OPTIMAL,OPTIMAL,True,True,555.6268,219.1324,219.1324
9,pmmix,150,p20_c60,1.0,c09_pmmix_150_p20_c60_0007,150,OPTIMAL,OPTIMAL,OPTIMAL,True,True,371.1192,91.1324,91.1324
9,pmmix,150,p20_c60,0.5,c09_pmmix_150_p20_c60_0008,150,OPTIMAL,OPTIMAL,OPTIMAL,True,True,287.0972,183.5992,183.5992
9,pmmix,150,p20_c60,1.0,c09_pmmix_150_p20_c60_0008,150,OPTIMAL,OPTIMAL,OPTIMAL,True,True,229.5592,229.5592,229.5592
9,pmmix,150,p20_c60,0.5,c09_pmmix_150_p20_c60_0009,150,OPTIMAL,OPTIMAL,OPTIMAL,True,True,11.6336,11.6336,11.6336
9,pmmix,150,p20_c60,1.0,c09_pmmix_150_p20_c60_0009,150,OPTIMAL,OPTIMAL,OPTIMAL,True,True,185.8500,185.8500,185.8500
9,pmmix,150,p20_c60,0.5,c09_pmmix_150_p20_c60_0010,150,OPTIMAL,OPTIMAL,OPTIMAL,True,True,256.3804,208.9144,208.9144
9,pmmix,150,p20_c60,1.0,c09_pmmix_150_p20_c60_0010,150,OPTIMAL,OPTIMAL,OPTIMAL,True,True,454.6044,454.6044,454.6044
9,pmmix,150,p20_c60,0.5,c09_pmmix_150_p20_c60_0011,150,OPTIMAL,OPTIMAL,OPTIMAL,True,True,304.4676,87.5340,87.5340
9,pmmix,150,p20_c60,1.0,c09_pmmix_150_p20_c60_0011,150,OPTIMAL,OPTIMAL,OPTIMAL,True,True,200.4430,94.1522,94.1522
9,pmmix,150,p20_c60,0.5,c09_pmmix_150_p20_c60_0012,150,OPTIMAL,OPTIMAL,OPTIMAL,True,True,60.4560,0.0784,0.0784
9,pmmix,150,p20_c60,1.0,c09_pmmix_150_p20_c60_0012,150,OPTIMAL,OPTIMAL,OPTIMAL,True,True,34.2206,1.9818,1.9818
9,pmmix,150,p20_c60,0.5,c09_pmmix_150_p20_c60_0013,150,OPTIMAL,OPTIMAL,OPTIMAL,True,True,494.1468,366.5164,362.1164
9,pmmix,150,p20_c60,1.0,c09_pmmix_150_p20_c60_0013,150,OPTIMAL,OPTIMAL,OPTIMAL,True,True,630.5920,503.0948,498.6948
9,pmmix,150,p20_c60,0.5,c09_pmmix_150_p20_c60_0014,150,OPTIMAL,OPTIMAL,OPTIMAL,True,True,373.6148,287.4404,287.4404
9,pmmix,150,p20_c60,1.0,c09_pmmix_150_p20_c60_0014,150,OPTIMAL,OPTIMAL,OPTIMAL,True,True,340.5216,287.4404,287.4404
9,pmmix,150,p20_c60,0.5,c09_pmmix_150_p20_c60_0015,150,OPTIMAL,OPTIMAL,OPTIMAL,True,True,232.1760,169.4676,169.4676
9,pmmix,150,p20_c60,1.0,c09_pmmix_150_p20_c60_0015,150,OPTIMAL,OPTIMAL,OPTIMAL,True,True,174.7904,174.7104,174.7104
9,pmmix,150,p20_c60,0.5,c09_pmmix_150_p20_c60_0016,150,OPTIMAL,OPTIMAL,OPTIMAL,True,True,111.0640,94.7840,94.7840
9,pmmix,150,p20_c60,1.0,c09_pmmix_150_p20_c60_0016,150,OPTIMAL,OPTIMAL,OPTIMAL,True,True,223.7924,110.8664,110.8664
9,pmmix,150,p20_c60,0.5,c09_pmmix_150_p20_c60_0017,150,OPTIMAL,OPTIMAL,OPTIMAL,True,True,227.9236,182.4224,182.4224
9,pmmix,150,p20_c60,1.0,c09_pmmix_150_p20_c60_0017,150,OPTIMAL,OPTIMAL,OPTIMAL,True,True,355.6261,122.8930,122.8930
9,pmmix,150,p20_c60,0.5,c09_pmmix_150_p20_c60_0018,150,OPTIMAL,OPTIMAL,OPTIMAL,True,True,333.7867,87.9455,87.9455
9,pmmix,150,p20_c60,1.0,c09_pmmix_150_p20_c60_0018,150,OPTIMAL,OPTIMAL,OPTIMAL,True,True,251.6898,51.6720,51.6720
9,pmmix,150,p20_c60,0.5,c09_pmmix_150_p20_c60_0019,150,OPTIMAL,OPTIMAL,OPTIMAL,True,True,226.0430,123.4136,123.4136
9,pmmix,150,p20_c60,1.0,c09_pmmix_150_p20_c60_0019,150,OPTIMAL,OPTIMAL,OPTIMAL,True,True,88.1842,47.3812,47.3812
12,storm,150,a300_c80,0.5,c12_storm_150_a300_c80_0000,150,OPTIMAL,FEASIBLE,OPTIMAL,True,False,742.6012,327.1383,327.1383
12,storm,150,a300_c80,1.0,c12_storm_150_a300_c80_0000,150,OPTIMAL,FEASIBLE,OPTIMAL,True,False,354.6428,259.9844,259.9844
12,storm,150,a300_c80,0.5,c12_storm_150_a300_c80_0001,150,OPTIMAL,FEASIBLE,OPTIMAL,True,False,637.9312,62.6454,56.4746
12,storm,150,a300_c80,1.0,c12_storm_150_a300_c80_0001,150,OPTIMAL,FEASIBLE,OPTIMAL,True,False,561.6878,100.8537,100.5737
12,storm,150,a300_c80,0.5,c12_storm_150_a300_c80_0002,150,OPTIMAL,FEASIBLE,OPTIMAL,True,False,1364.2519,926.0160,926.0160
12,storm,150,a300_c80,1.0,c12_storm_150_a300_c80_0002,150,OPTIMAL,FEASIBLE,OPTIMAL,True,False,1647.1881,1283.3578,1283.3578
12,storm,150,a300_c80,0.5,c12_storm_150_a300_c80_0003,150,OPTIMAL,FEASIBLE,OPTIMAL,True,False,462.8023,238.7116,238.7116
12,storm,150,a300_c80,1.0,c12_storm_150_a300_c80_0003,150,OPTIMAL,FEASIBLE,OPTIMAL,True,False,420.6263,272.5044,272.5044
12,storm,150,a300_c80,0.5,c12_storm_150_a300_c80_0004,150,OPTIMAL,FEASIBLE,OPTIMAL,True,False,765.5887,561.7776,561.7776
12,storm,150,a300_c80,1.0,c12_storm_150_a300_c80_0004,150,OPTIMAL,FEASIBLE,OPTIMAL,True,False,538.0524,474.0516,474.0516
12,storm,150,a300_c80,0.5,c12_storm_150_a300_c80_0005,150,OPTIMAL,FEASIBLE,OPTIMAL,True,False,761.7287,376.2982,376.2982
12,storm,150,a300_c80,1.0,c12_storm_150_a300_c80_0005,150,OPTIMAL,FEASIBLE,OPTIMAL,True,False,445.4553,342.6060,342.6060
12,storm,150,a300_c80,0.5,c12_storm_150_a300_c80_0006,150,OPTIMAL,FEASIBLE,OPTIMAL,True,False,1525.5826,1345.6351,1345.6351
12,storm,150,a300_c80,1.0,c12_storm_150_a300_c80_0006,150,OPTIMAL,FEASIBLE,OPTIMAL,True,False,1773.1327,1481.1852,1481.1852
12,storm,150,a300_c80,0.5,c12_storm_150_a300_c80_0007,150,OPTIMAL,FEASIBLE,OPTIMAL,True,False,279.1840,180.5428,180.5428
12,storm,150,a300_c80,1.0,c12_storm_150_a300_c80_0007,150,OPTIMAL,FEASIBLE,OPTIMAL,True,False,72.8314,52.6988,52.6988
12,storm,150,a300_c80,0.5,c12_storm_150_a300_c80_0008,150,OPTIMAL,FEASIBLE,OPTIMAL,True,False,359.0046,293.3194,293.3194
12,storm,150,a300_c80,1.0,c12_storm_150_a300_c80_0008,150,OPTIMAL,FEASIBLE,OPTIMAL,True,False,350.3591,193.4768,193.4768
12,storm,150,a300_c80,0.5,c12_storm_150_a300_c80_0009,150,OPTIMAL,FEASIBLE,OPTIMAL,True,False,443.4069,24.6680,24.6680
12,storm,150,a300_c80,1.0,c12_storm_150_a300_c80_0009,150,OPTIMAL,FEASIBLE,OPTIMAL,True,False,281.2875,69.3504,69.3504
12,storm,150,a300_c80,0.5,c12_storm_150_a300_c80_0010,150,OPTIMAL,FEASIBLE,OPTIMAL,True,False,516.8707,375.8640,375.8640
12,storm,150,a300_c80,1.0,c12_storm_150_a300_c80_0010,150,OPTIMAL,FEASIBLE,OPTIMAL,True,False,319.7378,301.5040,301.5040
12,storm,150,a300_c80,0.5,c12_storm_150_a300_c80_0011,150,OPTIMAL,FEASIBLE,OPTIMAL,True,False,393.1961,366.6452,366.6452
12,storm,150,a300_c80,1.0,c12_storm_150_a300_c80_0011,150,OPTIMAL,FEASIBLE,OPTIMAL,True,False,335.4052,335.4052,335.4052
12,storm,150,a300_c80,0.5,c12_storm_150_a300_c80_0012,150,OPTIMAL,FEASIBLE,OPTIMAL,True,False,287.0075,91.5370,91.5370
12,storm,150,a300_c80,1.0,c12_storm_150_a300_c80_0012,150,OPTIMAL,FEASIBLE,OPTIMAL,True,False,336.0011,85.8908,85.8908
12,storm,150,a300_c80,0.5,c12_storm_150_a300_c80_0013,150,OPTIMAL,FEASIBLE,OPTIMAL,True,False,705.9955,86.0695,86.0695
12,storm,150,a300_c80,1.0,c12_storm_150_a300_c80_0013,150,OPTIMAL,FEASIBLE,OPTIMAL,True,False,588.0207,84.6280,84.6280
12,storm,150,a300_c80,0.5,c12_storm_150_a300_c80_0014,150,OPTIMAL,FEASIBLE,OPTIMAL,True,False,531.7187,215.7228,215.7228
12,storm,150,a300_c80,1.0,c12_storm_150_a300_c80_0014,150,OPTIMAL,FEASIBLE,OPTIMAL,True,False,212.8087,89.1362,89.1362
12,storm,150,a300_c80,0.5,c12_storm_150_a300_c80_0015,150,OPTIMAL,FEASIBLE,OPTIMAL,True,False,613.7525,491.6084,491.6084
12,storm,150,a300_c80,1.0,c12_storm_150_a300_c80_0015,150,OPTIMAL,FEASIBLE,OPTIMAL,True,False,273.4425,232.6606,232.6606
12,storm,150,a300_c80,0.5,c12_storm_150_a300_c80_0016,150,OPTIMAL,FEASIBLE,OPTIMAL,True,False,185.4253,118.2532,118.2532
12,storm,150,a300_c80,1.0,c12_storm_150_a300_c80_0016,150,OPTIMAL,FEASIBLE,OPTIMAL,True,False,248.9532,248.9532,248.9532
12,storm,150,a300_c80,0.5,c12_storm_150_a300_c80_0017,150,OPTIMAL,FEASIBLE,OPTIMAL,True,False,505.0986,239.5548,239.5548
12,storm,150,a300_c80,1.0,c12_storm_150_a300_c80_0017,150,OPTIMAL,FEASIBLE,OPTIMAL,True,False,584.8514,255.0108,255.0108
12,storm,150,a300_c80,0.5,c12_storm_150_a300_c80_0018,150,OPTIMAL,FEASIBLE,OPTIMAL,True,False,526.9634,148.6184,148.6184
12,storm,150,a300_c80,1.0,c12_storm_150_a300_c80_0018,150,OPTIMAL,FEASIBLE,OPTIMAL,True,False,298.6346,218.7346,218.7346
12,storm,150,a300_c80,0.5,c12_storm_150_a300_c80_0019,150,OPTIMAL,FEASIBLE,OPTIMAL,True,False,191.5958,112.0558,112.0558
12,storm,150,a300_c80,1.0,c12_storm_150_a300_c80_0019,150,OPTIMAL,FEASIBLE,OPTIMAL,True,False,181.9051,111.2074,111.2074
12,storm,150,a200_c100,0.5,c12_storm_150_a200_c100_0000,150,OPTIMAL,OPTIMAL,OPTIMAL,True,True,543.5492,473.9436,473.9436
12,storm,150,a200_c100,1.0,c12_storm_150_a200_c100_0000,150,OPTIMAL,OPTIMAL,OPTIMAL,True,True,277.4248,207.8192,207.8192
12,storm,150,a200_c100,0.5,c12_storm_150_a200_c100_0001,150,OPTIMAL,OPTIMAL,OPTIMAL,True,True,991.9076,878.6038,878.6038
12,storm,150,a200_c100,1.0,c12_storm_150_a200_c100_0001,150,OPTIMAL,OPTIMAL,OPTIMAL,True,True,912.2501,729.9766,729.9766
12,storm,150,a200_c100,0.5,c12_storm_150_a200_c100_0002,150,OPTIMAL,OPTIMAL,OPTIMAL,True,True,1751.4674,1315.5407,1315.5407
12,storm,150,a200_c100,1.0,c12_storm_150_a200_c100_0002,150,OPTIMAL,OPTIMAL,OPTIMAL,True,True,1354.6632,924.5072,924.5072
12,storm,150,a200_c100,0.5,c12_storm_150_a200_c100_0003,150,OPTIMAL,OPTIMAL,OPTIMAL,True,True,664.6790,472.1554,472.1554
12,storm,150,a200_c100,1.0,c12_storm_150_a200_c100_0003,150,OPTIMAL,OPTIMAL,OPTIMAL,True,True,878.5796,694.2452,694.2452
12,storm,150,a200_c100,0.5,c12_storm_150_a200_c100_0004,150,OPTIMAL,OPTIMAL,OPTIMAL,True,True,488.9931,390.3888,390.3888
12,storm,150,a200_c100,1.0,c12_storm_150_a200_c100_0004,150,OPTIMAL,OPTIMAL,OPTIMAL,True,True,326.0505,283.4462,283.4462
12,storm,150,a200_c100,0.5,c12_storm_150_a200_c100_0005,150,OPTIMAL,OPTIMAL,OPTIMAL,True,True,496.4149,104.1634,104.1634
12,storm,150,a200_c100,1.0,c12_storm_150_a200_c100_0005,150,OPTIMAL,OPTIMAL,OPTIMAL,True,True,253.0822,59.8018,59.8018
12,storm,150,a200_c100,0.5,c12_storm_150_a200_c100_0006,150,OPTIMAL,OPTIMAL,OPTIMAL,True,True,416.5108,231.7198,231.7198
12,storm,150,a200_c100,1.0,c12_storm_150_a200_c100_0006,150,OPTIMAL,OPTIMAL,OPTIMAL,True,True,643.0219,413.5464,413.5464
12,storm,150,a200_c100,0.5,c12_storm_150_a200_c100_0007,150,OPTIMAL,OPTIMAL,OPTIMAL,True,True,1035.9902,954.9082,954.9082
12,storm,150,a200_c100,1.0,c12_storm_150_a200_c100_0007,150,OPTIMAL,OPTIMAL,OPTIMAL,True,True,652.5340,573.9378,573.9378
12,storm,150,a200_c100,0.5,c12_storm_150_a200_c100_0008,150,OPTIMAL,FEASIBLE,OPTIMAL,True,False,179.4232,134.6808,134.6808
12,storm,150,a200_c100,1.0,c12_storm_150_a200_c100_0008,150,OPTIMAL,FEASIBLE,OPTIMAL,True,False,146.9512,70.2088,70.2088
12,storm,150,a200_c100,0.5,c12_storm_150_a200_c100_0009,150,OPTIMAL,OPTIMAL,OPTIMAL,True,True,344.0398,130.0750,130.0750
12,storm,150,a200_c100,1.0,c12_storm_150_a200_c100_0009,150,OPTIMAL,OPTIMAL,OPTIMAL,True,True,273.7948,87.1570,87.1570
12,storm,150,a200_c100,0.5,c12_storm_150_a200_c100_0010,150,OPTIMAL,FEASIBLE,OPTIMAL,True,False,1030.4028,948.6188,948.6188
12,storm,150,a200_c100,1.0,c12_storm_150_a200_c100_0010,150,OPTIMAL,FEASIBLE,OPTIMAL,True,False,904.6406,796.6388,796.6388
12,storm,150,a200_c100,0.5,c12_storm_150_a200_c100_0011,150,OPTIMAL,OPTIMAL,OPTIMAL,True,True,732.2234,732.2234,732.2234
12,storm,150,a200_c100,1.0,c12_storm_150_a200_c100_0011,150,OPTIMAL,OPTIMAL,OPTIMAL,True,True,644.0532,644.0532,644.0532
12,storm,150,a200_c100,0.5,c12_storm_150_a200_c100_0012,150,OPTIMAL,FEASIBLE,OPTIMAL,True,False,797.3397,608.9040,608.9040
12,storm,150,a200_c100,1.0,c12_storm_150_a200_c100_0012,150,OPTIMAL,FEASIBLE,OPTIMAL,True,False,547.9815,388.9764,388.9764
12,storm,150,a200_c100,0.5,c12_storm_150_a200_c100_0013,150,OPTIMAL,OPTIMAL,OPTIMAL,True,True,355.0951,347.7564,347.7564
12,storm,150,a200_c100,1.0,c12_storm_150_a200_c100_0013,150,OPTIMAL,OPTIMAL,OPTIMAL,True,True,369.7788,369.7788,369.7788
12,storm,150,a200_c100,0.5,c12_storm_150_a200_c100_0014,150,OPTIMAL,FEASIBLE,OPTIMAL,True,False,1102.0322,994.0704,994.0704
12,storm,150,a200_c100,1.0,c12_storm_150_a200_c100_0014,150,OPTIMAL,FEASIBLE,OPTIMAL,True,False,845.9686,845.9686,845.9686
12,storm,150,a200_c100,0.5,c12_storm_150_a200_c100_0015,150,OPTIMAL,OPTIMAL,OPTIMAL,True,True,420.0232,265.6360,265.6360
12,storm,150,a200_c100,1.0,c12_storm_150_a200_c100_0015,150,OPTIMAL,OPTIMAL,OPTIMAL,True,True,435.3337,329.9812,329.9812
12,storm,150,a200_c100,0.5,c12_storm_150_a200_c100_0016,150,OPTIMAL,OPTIMAL,OPTIMAL,True,True,454.5066,242.8288,242.8288
12,storm,150,a200_c100,1.0,c12_storm_150_a200_c100_0016,150,OPTIMAL,OPTIMAL,OPTIMAL,True,True,334.3195,135.7836,135.7836
12,storm,150,a200_c100,0.5,c12_storm_150_a200_c100_0017,150,OPTIMAL,OPTIMAL,OPTIMAL,True,True,26.2832,26.2832,26.2832
12,storm,150,a200_c100,1.0,c12_storm_150_a200_c100_0017,150,OPTIMAL,OPTIMAL,OPTIMAL,True,True,58.9542,36.7082,36.7082
12,storm,150,a200_c100,0.5,c12_storm_150_a200_c100_0018,150,OPTIMAL,OPTIMAL,OPTIMAL,True,True,237.5968,181.1876,181.1876
12,storm,150,a200_c100,1.0,c12_storm_150_a200_c100_0018,150,OPTIMAL,OPTIMAL,OPTIMAL,True,True,175.1184,175.1184,175.1184
12,storm,150,a200_c100,0.5,c12_storm_150_a200_c100_0019,150,OPTIMAL,OPTIMAL,OPTIMAL,True,True,287.3364,142.2532,142.2532
12,storm,150,a200_c100,1.0,c12_storm_150_a200_c100_0019,150,OPTIMAL,OPTIMAL,OPTIMAL,True,True,179.8867,53.5929,53.5929
12,pmmix,150,p20_c60,0.5,c12_pmmix_150_p20_c60_0000,150,OPTIMAL,FEASIBLE,OPTIMAL,True,False,663.7611,416.0374,416.0374
12,pmmix,150,p20_c60,1.0,c12_pmmix_150_p20_c60_0000,150,OPTIMAL,FEASIBLE,OPTIMAL,True,False,349.9548,79.3870,79.3870
12,pmmix,150,p20_c60,0.5,c12_pmmix_150_p20_c60_0001,150,OPTIMAL,FEASIBLE,OPTIMAL,True,False,499.4110,498.4510,498.4510
12,pmmix,150,p20_c60,1.0,c12_pmmix_150_p20_c60_0001,150,OPTIMAL,FEASIBLE,OPTIMAL,True,False,331.1934,330.2334,330.2334
12,pmmix,150,p20_c60,0.5,c12_pmmix_150_p20_c60_0002,150,OPTIMAL,FEASIBLE,OPTIMAL,True,False,298.6311,99.6382,99.6382
12,pmmix,150,p20_c60,1.0,c12_pmmix_150_p20_c60_0002,150,OPTIMAL,FEASIBLE,OPTIMAL,True,False,367.5340,192.1377,192.1377
12,pmmix,150,p20_c60,0.5,c12_pmmix_150_p20_c60_0003,150,OPTIMAL,OPTIMAL,OPTIMAL,True,True,943.0854,721.4594,721.4594
12,pmmix,150,p20_c60,1.0,c12_pmmix_150_p20_c60_0003,150,OPTIMAL,OPTIMAL,OPTIMAL,True,True,776.0396,554.4136,554.4136
12,pmmix,150,p20_c60,0.5,c12_pmmix_150_p20_c60_0004,150,OPTIMAL,FEASIBLE,OPTIMAL,True,False,327.8061,109.1990,109.1990
12,pmmix,150,p20_c60,1.0,c12_pmmix_150_p20_c60_0004,150,OPTIMAL,FEASIBLE,OPTIMAL,True,False,66.5926,66.5926,66.5926
12,pmmix,150,p20_c60,0.5,c12_pmmix_150_p20_c60_0005,150,OPTIMAL,OPTIMAL,OPTIMAL,True,True,477.0703,262.5894,262.5894
12,pmmix,150,p20_c60,1.0,c12_pmmix_150_p20_c60_0005,150,OPTIMAL,OPTIMAL,OPTIMAL,True,True,518.8226,317.5548,317.5548
12,pmmix,150,p20_c60,0.5,c12_pmmix_150_p20_c60_0006,150,OPTIMAL,FEASIBLE,OPTIMAL,True,False,298.2855,238.4840,238.4840
12,pmmix,150,p20_c60,1.0,c12_pmmix_150_p20_c60_0006,150,OPTIMAL,FEASIBLE,OPTIMAL,True,False,314.0946,238.4840,238.4840
12,pmmix,150,p20_c60,0.5,c12_pmmix_150_p20_c60_0007,150,OPTIMAL,OPTIMAL,OPTIMAL,True,True,644.0158,589.5880,589.5880
12,pmmix,150,p20_c60,1.0,c12_pmmix_150_p20_c60_0007,150,OPTIMAL,OPTIMAL,OPTIMAL,True,True,501.7089,427.9228,427.9228
12,pmmix,150,p20_c60,0.5,c12_pmmix_150_p20_c60_0008,150,OPTIMAL,FEASIBLE,OPTIMAL,True,False,997.4124,997.4124,997.4124
12,pmmix,150,p20_c60,1.0,c12_pmmix_150_p20_c60_0008,150,OPTIMAL,FEASIBLE,OPTIMAL,True,False,543.1564,543.1564,543.1564
12,pmmix,150,p20_c60,0.5,c12_pmmix_150_p20_c60_0009,150,OPTIMAL,OPTIMAL,OPTIMAL,True,True,398.4780,388.6288,388.6288
12,pmmix,150,p20_c60,1.0,c12_pmmix_150_p20_c60_0009,150,OPTIMAL,OPTIMAL,OPTIMAL,True,True,157.2976,157.2976,157.2976
12,pmmix,150,p20_c60,0.5,c12_pmmix_150_p20_c60_0010,150,OPTIMAL,FEASIBLE,OPTIMAL,True,False,285.9762,196.4248,196.4248
12,pmmix,150,p20_c60,1.0,c12_pmmix_150_p20_c60_0010,150,OPTIMAL,FEASIBLE,OPTIMAL,True,False,377.4461,121.3512,121.3512
12,pmmix,150,p20_c60,0.5,c12_pmmix_150_p20_c60_0011,150,OPTIMAL,FEASIBLE,OPTIMAL,True,False,315.4320,177.9044,177.9044
12,pmmix,150,p20_c60,1.0,c12_pmmix_150_p20_c60_0011,150,OPTIMAL,FEASIBLE,OPTIMAL,True,False,378.9118,186.1192,186.1192
12,pmmix,150,p20_c60,0.5,c12_pmmix_150_p20_c60_0012,150,OPTIMAL,FEASIBLE,OPTIMAL,True,False,1062.4154,800.9008,800.9008
12,pmmix,150,p20_c60,1.0,c12_pmmix_150_p20_c60_0012,150,OPTIMAL,FEASIBLE,OPTIMAL,True,False,1045.7345,858.0404,858.0404
12,pmmix,150,p20_c60,0.5,c12_pmmix_150_p20_c60_0013,150,OPTIMAL,OPTIMAL,OPTIMAL,True,True,1370.7339,1191.3274,1191.3274
12,pmmix,150,p20_c60,1.0,c12_pmmix_150_p20_c60_0013,150,OPTIMAL,OPTIMAL,OPTIMAL,True,True,1164.4598,1011.2927,1011.2927
12,pmmix,150,p20_c60,0.5,c12_pmmix_150_p20_c60_0014,150,OPTIMAL,OPTIMAL,OPTIMAL,True,True,140.3171,99.4320,99.4320
12,pmmix,150,p20_c60,1.0,c12_pmmix_150_p20_c60_0014,150,OPTIMAL,OPTIMAL,OPTIMAL,True,True,178.5905,64.9646,64.9646
12,pmmix,150,p20_c60,0.5,c12_pmmix_150_p20_c60_0015,150,OPTIMAL,OPTIMAL,OPTIMAL,True,True,425.4790,57.9056,57.9056
12,pmmix,150,p20_c60,1.0,c12_pmmix_150_p20_c60_0015,150,OPTIMAL,OPTIMAL,OPTIMAL,True,True,319.4828,81.3762,81.3762
12,pmmix,150,p20_c60,0.5,c12_pmmix_150_p20_c60_0016,150,OPTIMAL,OPTIMAL,OPTIMAL,True,True,340.1924,78.1612,78.1612
12,pmmix,150,p20_c60,1.0,c12_pmmix_150_p20_c60_0016,150,OPTIMAL,OPTIMAL,OPTIMAL,True,True,254.3774,90.3928,90.3928
12,pmmix,150,p20_c60,0.5,c12_pmmix_150_p20_c60_0017,150,OPTIMAL,OPTIMAL,OPTIMAL,True,True,1304.9515,769.2819,769.2819
12,pmmix,150,p20_c60,1.0,c12_pmmix_150_p20_c60_0017,150,OPTIMAL,OPTIMAL,OPTIMAL,True,True,807.3591,523.6324,523.6324
12,pmmix,150,p20_c60,0.5,c12_pmmix_150_p20_c60_0018,150,OPTIMAL,FEASIBLE,OPTIMAL,True,False,342.9224,276.8012,276.8012
12,pmmix,150,p20_c60,1.0,c12_pmmix_150_p20_c60_0018,150,OPTIMAL,FEASIBLE,OPTIMAL,True,False,156.5953,76.8066,76.8066
12,pmmix,150,p20_c60,0.5,c12_pmmix_150_p20_c60_0019,150,OPTIMAL,OPTIMAL,OPTIMAL,True,True,875.7952,758.7068,758.7068
12,pmmix,150,p20_c60,1.0,c12_pmmix_150_p20_c60_0019,150,OPTIMAL,OPTIMAL,OPTIMAL,True,True,862.8694,773.0016,773.0016
