scope,rule,u,beta,util_pool,util_worst,inc_atc_frac,inc_atc,n_wos,n,mean_rule,mean_oracle,pct_headroom,wins,ties,losses
pool_9+12,atc,70,0.25,0.6902,0.9498,0.0568,101.6250,1757.0833,24,4539.3249,4533.6612,0.1248,6,10,8
pool_9+12,edd,70,0.25,0.6902,0.9498,0.0568,101.6250,1757.0833,24,4531.9104,4533.6612,-0.0386,6,9,9
pool_9+12,atc,70,0.5,0.6902,0.9498,0.0568,101.6250,1757.0833,24,4691.2859,4687.3892,0.0831,3,12,9
pool_9+12,edd,70,0.5,0.6902,0.9498,0.0568,101.6250,1757.0833,24,4685.2244,4687.3892,-0.0462,4,10,10
pool_9+12,atc,70,0.75,0.6902,0.9498,0.0568,101.6250,1757.0833,24,4821.3884,4817.5198,0.0802,4,10,10
pool_9+12,edd,70,0.75,0.6902,0.9498,0.0568,101.6250,1757.0833,24,4813.7446,4817.5198,-0.0784,5,8,11
pool_9+12,atc,70,1.0,0.6902,0.9498,0.0568,101.6250,1757.0833,24,4655.3530,4661.1650,-0.1248,4,9,11
pool_9+12,edd,70,1.0,0.6902,0.9498,0.0568,101.6250,1757.0833,24,4647.5693,4661.1650,-0.2925,2,8,14
pool_9+12,atc,90,0.25,0.9019,1.2097,0.0944,211.4583,2259.4583,24,6049.3413,5839.1917,3.4739,23,0,1
pool_9+12,edd,90,0.25,0.9019,1.2097,0.0944,211.4583,2259.4583,24,5972.9785,5839.1917,2.2399,20,0,4
pool_9+12,atc,90,0.5,0.9019,1.2097,0.0944,211.4583,2259.4583,24,6345.4800,6161.9011,2.8931,21,0,3
pool_9+12,edd,90,0.5,0.9019,1.2097,0.0944,211.4583,2259.4583,24,6283.4601,6161.9011,1.9346,16,0,8
pool_9+12,atc,90,0.75,0.9019,1.2097,0.0944,211.4583,2259.4583,24,6444.8402,6280.4221,2.5512,17,0,7
pool_9+12,edd,90,0.75,0.9019,1.2097,0.0944,211.4583,2259.4583,24,6384.7907,6280.4221,1.6346,14,0,10
pool_9+12,atc,90,1.0,0.9019,1.2097,0.0944,211.4583,2259.4583,24,6395.4761,6223.9019,2.6827,15,0,9
pool_9+12,edd,90,1.0,0.9019,1.2097,0.0944,211.4583,2259.4583,24,6315.4167,6223.9019,1.4491,16,0,8
pool_9+12,atc,100,0.25,1.0005,1.3500,0.1275,314.6250,2513.2500,24,7352.3793,6755.3819,8.1198,22,0,2
pool_9+12,edd,100,0.25,1.0005,1.3500,0.1275,314.6250,2513.2500,24,7469.6543,6755.3819,9.5623,23,0,1
pool_9+12,atc,100,0.5,1.0005,1.3500,0.1275,314.6250,2513.2500,24,7457.1233,6822.5906,8.5091,22,0,2
pool_9+12,edd,100,0.5,1.0005,1.3500,0.1275,314.6250,2513.2500,24,7636.9775,6822.5906,10.6637,23,0,1
pool_9+12,atc,100,0.75,1.0005,1.3500,0.1275,314.6250,2513.2500,24,7738.6702,7065.6514,8.6968,19,0,5
pool_9+12,edd,100,0.75,1.0005,1.3500,0.1275,314.6250,2513.2500,24,7956.2808,7065.6514,11.1940,21,0,3
pool_9+12,atc,100,1.0,1.0005,1.3500,0.1275,314.6250,2513.2500,24,7755.5967,7035.1023,9.2900,18,0,6
pool_9+12,edd,100,1.0,1.0005,1.3500,0.1275,314.6250,2513.2500,24,8016.3293,7035.1023,12.2404,18,0,6
pool_9+12,atc,110,0.25,1.0880,1.4635,0.1657,444.8333,2749.0417,24,9596.2087,7842.8238,18.2716,24,0,0
pool_9+12,edd,110,0.25,1.0880,1.4635,0.1657,444.8333,2749.0417,24,9863.1356,7842.8238,20.4835,24,0,0
pool_9+12,atc,110,0.5,1.0880,1.4635,0.1657,444.8333,2749.0417,24,10052.3793,8048.8809,19.9306,24,0,0
pool_9+12,edd,110,0.5,1.0880,1.4635,0.1657,444.8333,2749.0417,24,10389.6666,8048.8809,22.5299,24,0,0
pool_9+12,atc,110,0.75,1.0880,1.4635,0.1657,444.8333,2749.0417,24,10489.3680,8247.8711,21.3692,23,0,1
pool_9+12,edd,110,0.75,1.0880,1.4635,0.1657,444.8333,2749.0417,24,10933.7452,8247.8711,24.5650,24,0,0
pool_9+12,atc,110,1.0,1.0880,1.4635,0.1657,444.8333,2749.0417,24,10695.9129,8099.6288,24.2736,23,0,1
pool_9+12,edd,110,1.0,1.0880,1.4635,0.1657,444.8333,2749.0417,24,11318.3046,8099.6288,28.4378,24,0,0
pool_9+12,atc,130,0.25,1.3155,1.7680,0.2648,858.2917,3287.2500,24,16911.6896,9797.1857,42.0686,24,0,0
pool_9+12,edd,130,0.25,1.3155,1.7680,0.2648,858.2917,3287.2500,24,18770.3988,9797.1857,47.8051,24,0,0
pool_9+12,atc,130,0.5,1.3155,1.7680,0.2648,858.2917,3287.2500,24,18357.9089,10256.8549,44.1284,24,0,0
pool_9+12,edd,130,0.5,1.3155,1.7680,0.2648,858.2917,3287.2500,24,20665.2113,10256.8549,50.3666,24,0,0
pool_9+12,atc,130,0.75,1.3155,1.7680,0.2648,858.2917,3287.2500,24,19904.7352,10569.6183,46.8990,24,0,0
pool_9+12,edd,130,0.75,1.3155,1.7680,0.2648,858.2917,3287.2500,24,22667.2695,10569.6183,53.3706,24,0,0
pool_9+12,atc,130,1.0,1.3155,1.7680,0.2648,858.2917,3287.2500,24,21725.9252,10501.9790,51.6615,24,0,0
pool_9+12,edd,130,1.0,1.3155,1.7680,0.2648,858.2917,3287.2500,24,25591.2442,10501.9790,58.9626,24,0,0
pool_5+10,atc,70,0.25,0.7078,1.0513,0.0352,123.4583,4426.9583,24,1247.5086,1056.7665,15.2898,15,4,5
pool_5+10,edd,70,0.25,0.7078,1.0513,0.0352,123.4583,4426.9583,24,1322.4509,1056.7665,20.0903,13,8,3
pool_5+10,atc,70,0.5,0.7078,1.0513,0.0352,123.4583,4426.9583,24,1442.5790,1206.6011,16.3581,17,5,2
pool_5+10,edd,70,0.5,0.7078,1.0513,0.0352,123.4583,4426.9583,24,1549.6461,1206.6011,22.1370,14,7,3
pool_5+10,atc,70,0.75,0.7078,1.0513,0.0352,123.4583,4426.9583,24,1578.9717,1308.0968,17.1551,15,5,4
pool_5+10,edd,70,0.75,0.7078,1.0513,0.0352,123.4583,4426.9583,24,1718.4841,1308.0968,23.8808,15,5,4
pool_5+10,atc,70,1.0,0.7078,1.0513,0.0352,123.4583,4426.9583,24,1762.6286,1419.9455,19.4416,15,7,2
pool_5+10,edd,70,1.0,0.7078,1.0513,0.0352,123.4583,4426.9583,24,1902.0678,1419.9455,25.3473,13,4,7
pool_5+10,atc,90,0.25,0.9053,1.3287,0.1038,600.2500,5709.6667,24,2502.5127,1193.2455,52.3181,24,0,0
pool_5+10,edd,90,0.25,0.9053,1.3287,0.1038,600.2500,5709.6667,24,2573.8466,1193.2455,53.6396,24,0,0
pool_5+10,atc,90,0.5,0.9053,1.3287,0.1038,600.2500,5709.6667,24,2932.1696,1329.7728,54.6488,24,0,0
pool_5+10,edd,90,0.5,0.9053,1.3287,0.1038,600.2500,5709.6667,24,3055.5981,1329.7728,56.4808,24,0,0
pool_5+10,atc,90,0.75,0.9053,1.3287,0.1038,600.2500,5709.6667,24,3364.1787,1496.2429,55.5243,24,0,0
pool_5+10,edd,90,0.75,0.9053,1.3287,0.1038,600.2500,5709.6667,24,3536.2537,1496.2429,57.6885,24,0,0
pool_5+10,atc,90,1.0,0.9053,1.3287,0.1038,600.2500,5709.6667,24,4265.8777,1749.3671,58.9916,24,0,0
pool_5+10,edd,90,1.0,0.9053,1.3287,0.1038,600.2500,5709.6667,24,4475.4398,1749.3671,60.9118,24,0,0
pool_5+10,atc,100,0.25,0.9972,1.4867,0.1584,1060.7500,6310.5417,24,5780.9925,1463.9643,74.6762,24,0,0
pool_5+10,edd,100,0.25,0.9972,1.4867,0.1584,1060.7500,6310.5417,24,6365.5073,1463.9643,77.0016,24,0,0
pool_5+10,atc,100,0.5,0.9972,1.4867,0.1584,1060.7500,6310.5417,24,6931.9140,1685.3509,75.6871,24,0,0
pool_5+10,edd,100,0.5,0.9972,1.4867,0.1584,1060.7500,6310.5417,24,7794.3025,1685.3509,78.3771,24,0,0
pool_5+10,atc,100,0.75,0.9972,1.4867,0.1584,1060.7500,6310.5417,24,8091.6674,1928.7693,76.1635,24,0,0
pool_5+10,edd,100,0.75,0.9972,1.4867,0.1584,1060.7500,6310.5417,24,9180.0255,1928.7693,78.9895,24,0,0
pool_5+10,atc,100,1.0,0.9972,1.4867,0.1584,1060.7500,6310.5417,24,10047.8357,2259.0374,77.5172,24,0,0
pool_5+10,edd,100,1.0,0.9972,1.4867,0.1584,1060.7500,6310.5417,24,11518.0529,2259.0374,80.3870,24,0,0
pool_5+10,atc,110,0.25,1.0919,1.6455,0.2086,1580.5417,6956.1667,24,11774.2831,1580.4133,86.5774,24,0,0
pool_5+10,edd,110,0.25,1.0919,1.6455,0.2086,1580.5417,6956.1667,24,12591.2881,1580.4133,87.4484,24,0,0
pool_5+10,atc,110,0.5,1.0919,1.6455,0.2086,1580.5417,6956.1667,24,14066.3447,1754.9301,87.5239,24,0,0
pool_5+10,edd,110,0.5,1.0919,1.6455,0.2086,1580.5417,6956.1667,24,15125.0310,1754.9301,88.3972,24,0,0
pool_5+10,atc,110,0.75,1.0919,1.6455,0.2086,1580.5417,6956.1667,24,16491.7825,2023.3727,87.7310,24,0,0
pool_5+10,edd,110,0.75,1.0919,1.6455,0.2086,1580.5417,6956.1667,24,17795.4054,2023.3727,88.6298,24,0,0
pool_5+10,atc,110,1.0,1.0919,1.6455,0.2086,1580.5417,6956.1667,24,20893.2480,2373.1438,88.6416,24,0,0
pool_5+10,edd,110,1.0,1.0919,1.6455,0.2086,1580.5417,6956.1667,24,22546.2375,2373.1438,89.4743,24,0,0
pool_5+10,atc,130,0.25,1.3100,1.9425,0.3212,2729.2917,8219.5000,24,39750.8754,2051.7692,94.8384,24,0,0
pool_5+10,edd,130,0.25,1.3100,1.9425,0.3212,2729.2917,8219.5000,24,41194.1187,2051.7692,95.0193,24,0,0
pool_5+10,atc,130,0.5,1.3100,1.9425,0.3212,2729.2917,8219.5000,24,47748.0163,2388.0418,94.9987,24,0,0
pool_5+10,edd,130,0.5,1.3100,1.9425,0.3212,2729.2917,8219.5000,24,49797.3113,2388.0418,95.2045,24,0,0
pool_5+10,atc,130,0.75,1.3100,1.9425,0.3212,2729.2917,8219.5000,24,55973.8819,2785.6121,95.0234,24,0,0
pool_5+10,edd,130,0.75,1.3100,1.9425,0.3212,2729.2917,8219.5000,24,58611.7157,2785.6121,95.2473,24,0,0
pool_5+10,atc,130,1.0,1.3100,1.9425,0.3212,2729.2917,8219.5000,24,69761.1646,3677.7319,94.7281,24,0,0
pool_5+10,edd,130,1.0,1.3100,1.9425,0.3212,2729.2917,8219.5000,24,72957.8639,3677.7319,94.9591,24,0,0
c9,atc,70,0.25,0.6868,0.9481,0.0465,73.5833,1578.8333,12,1019.5435,1013.8002,0.5633,3,6,3
c9,edd,70,0.25,0.6868,0.9481,0.0465,73.5833,1578.8333,12,1015.6944,1013.8002,0.1865,3,6,3
c9,atc,70,0.5,0.6868,0.9481,0.0465,73.5833,1578.8333,12,1076.3094,1071.8635,0.4131,2,8,2
c9,edd,70,0.5,0.6868,0.9481,0.0465,73.5833,1578.8333,12,1073.0916,1071.8635,0.1144,2,7,3
c9,atc,70,0.75,0.6868,0.9481,0.0465,73.5833,1578.8333,12,1100.1696,1096.7765,0.3084,2,7,3
c9,edd,70,0.75,0.6868,0.9481,0.0465,73.5833,1578.8333,12,1096.3408,1096.7765,-0.0397,2,5,5
c9,atc,70,1.0,0.6868,0.9481,0.0465,73.5833,1578.8333,12,1129.9925,1122.6386,0.6508,4,5,3
c9,edd,70,1.0,0.6868,0.9481,0.0465,73.5833,1578.8333,12,1120.7264,1122.6386,-0.1706,2,4,6
c9,atc,90,0.25,0.9084,1.2078,0.1037,211.9167,2040.4167,12,1570.1666,1335.5307,14.9434,12,0,0
c9,edd,90,0.25,0.9084,1.2078,0.1037,211.9167,2040.4167,12,1477.2567,1335.5307,9.5939,12,0,0
c9,atc,90,0.5,0.9084,1.2078,0.1037,211.9167,2040.4167,12,1742.1088,1444.0928,17.1066,12,0,0
c9,edd,90,0.5,0.9084,1.2078,0.1037,211.9167,2040.4167,12,1644.3833,1444.0928,12.1803,10,0,2
c9,atc,90,0.75,0.9084,1.2078,0.1037,211.9167,2040.4167,12,1813.3787,1487.4067,17.9759,11,0,1
c9,edd,90,0.75,0.9084,1.2078,0.1037,211.9167,2040.4167,12,1696.5306,1487.4067,12.3266,9,0,3
c9,atc,90,1.0,0.9084,1.2078,0.1037,211.9167,2040.4167,12,1912.8182,1519.5583,20.5592,12,0,0
c9,edd,90,1.0,0.9084,1.2078,0.1037,211.9167,2040.4167,12,1761.8077,1519.5583,13.7500,11,0,1
c9,atc,100,0.25,1.0035,1.3491,0.1550,353.4167,2277.5833,12,1989.9573,1197.5996,39.8178,12,0,0
c9,edd,100,0.25,1.0035,1.3491,0.1550,353.4167,2277.5833,12,1920.5085,1197.5996,37.6415,12,0,0
c9,atc,100,0.5,1.0035,1.3491,0.1550,353.4167,2277.5833,12,2318.1687,1334.7775,42.4210,12,0,0
c9,edd,100,0.5,1.0035,1.3491,0.1550,353.4167,2277.5833,12,2274.8196,1334.7775,41.3238,12,0,0
c9,atc,100,0.75,1.0035,1.3491,0.1550,353.4167,2277.5833,12,2726.2408,1511.2582,44.5662,12,0,0
c9,edd,100,0.75,1.0035,1.3491,0.1550,353.4167,2277.5833,12,2679.1214,1511.2582,43.5913,12,0,0
c9,atc,100,1.0,1.0035,1.3491,0.1550,353.4167,2277.5833,12,2849.3436,1460.0682,48.7577,12,0,0
c9,edd,100,1.0,1.0035,1.3491,0.1550,353.4167,2277.5833,12,2871.4897,1460.0682,49.1529,11,0,1
c9,atc,110,0.25,1.0900,1.4995,0.2053,507.4167,2470.6667,12,3751.3550,1643.4310,56.1910,12,0,0
c9,edd,110,0.25,1.0900,1.4995,0.2053,507.4167,2470.6667,12,3728.4846,1643.4310,55.9223,12,0,0
c9,atc,110,0.5,1.0900,1.4995,0.2053,507.4167,2470.6667,12,4366.6102,1655.9941,62.0760,12,0,0
c9,edd,110,0.5,1.0900,1.4995,0.2053,507.4167,2470.6667,12,4338.2503,1655.9941,61.8281,12,0,0
c9,atc,110,0.75,1.0900,1.4995,0.2053,507.4167,2470.6667,12,4935.3975,1738.6835,64.7712,12,0,0
c9,edd,110,0.75,1.0900,1.4995,0.2053,507.4167,2470.6667,12,4931.3673,1738.6835,64.7424,12,0,0
c9,atc,110,1.0,1.0900,1.4995,0.2053,507.4167,2470.6667,12,5951.5790,1870.0328,68.5792,12,0,0
c9,edd,110,1.0,1.0900,1.4995,0.2053,507.4167,2470.6667,12,6205.3773,1870.0328,69.8643,12,0,0
c9,atc,130,0.25,1.3100,1.7469,0.3065,910.5833,2967.6667,12,9475.0981,2138.6454,77.4288,12,0,0
c9,edd,130,0.25,1.3100,1.7469,0.3065,910.5833,2967.6667,12,10529.1583,2138.6454,79.6884,12,0,0
c9,atc,130,0.5,1.3100,1.7469,0.3065,910.5833,2967.6667,12,11523.3147,2318.3410,79.8813,12,0,0
c9,edd,130,0.5,1.3100,1.7469,0.3065,910.5833,2967.6667,12,12837.3544,2318.3410,81.9407,12,0,0
c9,atc,130,0.75,1.3100,1.7469,0.3065,910.5833,2967.6667,12,14046.1100,2489.0005,82.2798,12,0,0
c9,edd,130,0.75,1.3100,1.7469,0.3065,910.5833,2967.6667,12,15681.1586,2489.0005,84.1274,12,0,0
c9,atc,130,1.0,1.3100,1.7469,0.3065,910.5833,2967.6667,12,18281.9160,2522.6810,86.2012,12,0,0
c9,edd,130,1.0,1.3100,1.7469,0.3065,910.5833,2967.6667,12,21003.3644,2522.6810,87.9892,12,0,0
c12,atc,70,0.25,0.6936,0.9515,0.0670,129.6667,1935.3333,12,8059.1062,8053.5222,0.0693,3,4,5
c12,edd,70,0.25,0.6936,0.9515,0.0670,129.6667,1935.3333,12,8048.1263,8053.5222,-0.0670,3,3,6
c12,atc,70,0.5,0.6936,0.9515,0.0670,129.6667,1935.3333,12,8306.2625,8302.9150,0.0403,1,4,7
c12,edd,70,0.5,0.6936,0.9515,0.0670,129.6667,1935.3333,12,8297.3572,8302.9150,-0.0670,2,3,7
c12,atc,70,0.75,0.6936,0.9515,0.0670,129.6667,1935.3333,12,8542.6072,8538.2630,0.0509,2,3,7
c12,edd,70,0.75,0.6936,0.9515,0.0670,129.6667,1935.3333,12,8531.1485,8538.2630,-0.0834,3,3,6
c12,atc,70,1.0,0.6936,0.9515,0.0670,129.6667,1935.3333,12,8180.7136,8199.6914,-0.2320,0,4,8
c12,edd,70,1.0,0.6936,0.9515,0.0670,129.6667,1935.3333,12,8174.4121,8199.6914,-0.3092,0,4,8
c12,atc,90,0.25,0.8953,1.2115,0.0851,211.0000,2478.5000,12,10528.5160,10342.8528,1.7634,11,0,1
c12,edd,90,0.25,0.8953,1.2115,0.0851,211.0000,2478.5000,12,10468.7004,10342.8528,1.2021,8,0,4
c12,atc,90,0.5,0.8953,1.2115,0.0851,211.0000,2478.5000,12,10948.8512,10879.7094,0.6315,9,0,3
c12,edd,90,0.5,0.8953,1.2115,0.0851,211.0000,2478.5000,12,10922.5369,10879.7094,0.3921,6,0,6
c12,atc,90,0.75,0.8953,1.2115,0.0851,211.0000,2478.5000,12,11076.3016,11073.4376,0.0259,6,0,6
c12,edd,90,0.75,0.8953,1.2115,0.0851,211.0000,2478.5000,12,11073.0507,11073.4376,-0.0035,5,0,7
c12,atc,90,1.0,0.8953,1.2115,0.0851,211.0000,2478.5000,12,10878.1341,10928.2456,-0.4607,3,0,9
c12,edd,90,1.0,0.8953,1.2115,0.0851,211.0000,2478.5000,12,10869.0256,10928.2456,-0.5449,5,0,7
c12,atc,100,0.25,0.9975,1.3509,0.1001,275.8333,2748.9167,12,12714.8013,12313.1642,3.1588,10,0,2
c12,edd,100,0.25,0.9975,1.3509,0.1001,275.8333,2748.9167,12,13018.8000,12313.1642,5.4201,11,0,1
c12,atc,100,0.5,0.9975,1.3509,0.1001,275.8333,2748.9167,12,12596.0779,12310.4037,2.2680,10,0,2
c12,edd,100,0.5,0.9975,1.3509,0.1001,275.8333,2748.9167,12,12999.1354,12310.4037,5.2983,11,0,1
c12,atc,100,0.75,0.9975,1.3509,0.1001,275.8333,2748.9167,12,12751.0997,12620.0446,1.0278,7,0,5
c12,edd,100,0.75,0.9975,1.3509,0.1001,275.8333,2748.9167,12,13233.4401,12620.0446,4.6352,9,0,3
c12,atc,100,1.0,0.9975,1.3509,0.1001,275.8333,2748.9167,12,12661.8499,12610.1365,0.4084,6,0,6
c12,edd,100,1.0,0.9975,1.3509,0.1001,275.8333,2748.9167,12,13161.1690,12610.1365,4.1868,7,0,5
c12,atc,110,0.25,1.0860,1.4274,0.1262,382.2500,3027.4167,12,15441.0625,14042.2167,9.0593,12,0,0
c12,edd,110,0.25,1.0860,1.4274,0.1262,382.2500,3027.4167,12,15997.7866,14042.2167,12.2240,12,0,0
c12,atc,110,0.5,1.0860,1.4274,0.1262,382.2500,3027.4167,12,15738.1485,14441.7677,8.2372,12,0,0
c12,edd,110,0.5,1.0860,1.4274,0.1262,382.2500,3027.4167,12,16441.0829,14441.7677,12.1605,12,0,0
c12,atc,110,0.75,1.0860,1.4274,0.1262,382.2500,3027.4167,12,16043.3386,14757.0588,8.0175,11,0,1
c12,edd,110,0.75,1.0860,1.4274,0.1262,382.2500,3027.4167,12,16936.1231,14757.0588,12.8664,12,0,0
c12,atc,110,1.0,1.0860,1.4274,0.1262,382.2500,3027.4167,12,15440.2468,14329.2249,7.1956,11,0,1
c12,edd,110,1.0,1.0860,1.4274,0.1262,382.2500,3027.4167,12,16431.2319,14329.2249,12.7928,12,0,0
c12,atc,130,0.25,1.3210,1.7892,0.2231,806.0000,3606.8333,12,24348.2811,17455.7260,28.3082,12,0,0
c12,edd,130,0.25,1.3210,1.7892,0.2231,806.0000,3606.8333,12,27011.6392,17455.7260,35.3770,12,0,0
c12,atc,130,0.5,1.3210,1.7892,0.2231,806.0000,3606.8333,12,25192.5031,18195.3688,27.7747,12,0,0
c12,edd,130,0.5,1.3210,1.7892,0.2231,806.0000,3606.8333,12,28493.0682,18195.3688,36.1411,12,0,0
c12,atc,130,0.75,1.3210,1.7892,0.2231,806.0000,3606.8333,12,25763.3603,18650.2361,27.6095,12,0,0
c12,edd,130,0.75,1.3210,1.7892,0.2231,806.0000,3606.8333,12,29653.3803,18650.2361,37.1059,12,0,0
c12,atc,130,1.0,1.3210,1.7892,0.2231,806.0000,3606.8333,12,25169.9345,18481.2770,26.5740,12,0,0
c12,edd,130,1.0,1.3210,1.7892,0.2231,806.0000,3606.8333,12,30179.1240,18481.2770,38.7614,12,0,0
c5,atc,70,0.25,0.7148,1.1208,0.0504,115.5833,2292.8333,12,1003.5587,633.3557,36.8890,12,0,0
c5,edd,70,0.25,0.7148,1.1208,0.0504,115.5833,2292.8333,12,1156.5627,633.3557,45.2381,11,1,0
c5,atc,70,0.5,0.7148,1.1208,0.0504,115.5833,2292.8333,12,1285.8611,826.4622,35.7269,12,0,0
c5,edd,70,0.5,0.7148,1.1208,0.0504,115.5833,2292.8333,12,1502.7300,826.4622,45.0026,11,1,0
c5,atc,70,0.75,0.7148,1.1208,0.0504,115.5833,2292.8333,12,1428.9003,894.0040,37.4341,12,0,0
c5,edd,70,0.75,0.7148,1.1208,0.0504,115.5833,2292.8333,12,1706.6061,894.0040,47.6151,12,0,0
c5,atc,70,1.0,0.7148,1.1208,0.0504,115.5833,2292.8333,12,1653.4422,980.0673,40.7256,11,1,0
c5,edd,70,1.0,0.7148,1.1208,0.0504,115.5833,2292.8333,12,1927.8408,980.0673,49.1624,11,0,1
c5,atc,90,0.25,0.9091,1.3721,0.1012,298.6667,2945.0833,12,2836.7724,724.4112,74.4635,12,0,0
c5,edd,90,0.25,0.9091,1.3721,0.1012,298.6667,2945.0833,12,3004.3720,724.4112,75.8881,12,0,0
c5,atc,90,0.5,0.9091,1.3721,0.1012,298.6667,2945.0833,12,3308.4197,824.0039,75.0937,12,0,0
c5,edd,90,0.5,0.9091,1.3721,0.1012,298.6667,2945.0833,12,3554.0783,824.0039,76.8153,12,0,0
c5,atc,90,0.75,0.9091,1.3721,0.1012,298.6667,2945.0833,12,3922.3557,1005.6027,74.3623,12,0,0
c5,edd,90,0.75,0.9091,1.3721,0.1012,298.6667,2945.0833,12,4243.6366,1005.6027,76.3033,12,0,0
c5,atc,90,1.0,0.9091,1.3721,0.1012,298.6667,2945.0833,12,5355.5379,1122.2524,79.0450,12,0,0
c5,edd,90,1.0,0.9091,1.3721,0.1012,298.6667,2945.0833,12,5723.2134,1122.2524,80.3912,12,0,0
c5,atc,100,0.25,0.9977,1.5665,0.1389,454.3333,3261.9167,12,6546.6402,895.1241,86.3270,12,0,0
c5,edd,100,0.25,0.9977,1.5665,0.1389,454.3333,3261.9167,12,7174.1136,895.1241,87.5229,12,0,0
c5,atc,100,0.5,0.9977,1.5665,0.1389,454.3333,3261.9167,12,8055.6932,1155.2961,85.6586,12,0,0
c5,edd,100,0.5,0.9977,1.5665,0.1389,454.3333,3261.9167,12,8859.7175,1155.2961,86.9601,12,0,0
c5,atc,100,0.75,0.9977,1.5665,0.1389,454.3333,3261.9167,12,9680.7720,1431.2856,85.2152,12,0,0
c5,edd,100,0.75,0.9977,1.5665,0.1389,454.3333,3261.9167,12,10547.5658,1431.2856,86.4302,12,0,0
c5,atc,100,1.0,0.9977,1.5665,0.1389,454.3333,3261.9167,12,12433.4452,1778.3326,85.6972,12,0,0
c5,edd,100,1.0,0.9977,1.5665,0.1389,454.3333,3261.9167,12,13269.5903,1778.3326,86.5984,12,0,0
c5,atc,110,0.25,1.0837,1.7553,0.1700,612.0000,3596.8333,12,10070.2899,842.4047,91.6348,12,0,0
c5,edd,110,0.25,1.0837,1.7553,0.1700,612.0000,3596.8333,12,11001.2841,842.4047,92.3427,12,0,0
c5,atc,110,0.5,1.0837,1.7553,0.1700,612.0000,3596.8333,12,12055.0385,1122.1008,90.6919,12,0,0
c5,edd,110,0.5,1.0837,1.7553,0.1700,612.0000,3596.8333,12,13154.1176,1122.1008,91.4696,12,0,0
c5,atc,110,0.75,1.0837,1.7553,0.1700,612.0000,3596.8333,12,14127.6592,1393.2025,90.1385,12,0,0
c5,edd,110,0.75,1.0837,1.7553,0.1700,612.0000,3596.8333,12,15379.9986,1393.2025,90.9415,12,0,0
c5,atc,110,1.0,1.0837,1.7553,0.1700,612.0000,3596.8333,12,18740.5185,1891.4106,89.9074,12,0,0
c5,edd,110,1.0,1.0837,1.7553,0.1700,612.0000,3596.8333,12,20186.9211,1891.4106,90.6305,12,0,0
c5,atc,130,0.25,1.3182,2.0608,0.2987,1275.5000,4271.0833,12,27426.5374,1304.4296,95.2439,12,0,0
c5,edd,130,0.25,1.3182,2.0608,0.2987,1275.5000,4271.0833,12,29493.6635,1304.4296,95.5773,12,0,0
c5,atc,130,0.5,1.3182,2.0608,0.2987,1275.5000,4271.0833,12,32382.3403,1719.1163,94.6912,12,0,0
c5,edd,130,0.5,1.3182,2.0608,0.2987,1275.5000,4271.0833,12,35034.6960,1719.1163,95.0931,12,0,0
c5,atc,130,0.75,1.3182,2.0608,0.2987,1275.5000,4271.0833,12,36503.3302,2264.6028,93.7962,12,0,0
c5,edd,130,0.75,1.3182,2.0608,0.2987,1275.5000,4271.0833,12,39543.6222,2264.6028,94.2732,12,0,0
c5,atc,130,1.0,1.3182,2.0608,0.2987,1275.5000,4271.0833,12,42514.6949,3271.5904,92.3048,12,0,0
c5,edd,130,1.0,1.3182,2.0608,0.2987,1275.5000,4271.0833,12,46136.1954,3271.5904,92.9088,12,0,0
c10,atc,70,0.25,0.7007,0.9818,0.0200,131.3333,6561.0833,12,1491.4585,1480.1772,0.7564,3,4,5
c10,edd,70,0.25,0.7007,0.9818,0.0200,131.3333,6561.0833,12,1488.3390,1480.1772,0.5484,2,7,3
c10,atc,70,0.5,0.7007,0.9818,0.0200,131.3333,6561.0833,12,1599.2969,1586.7399,0.7852,5,5,2
c10,edd,70,0.5,0.7007,0.9818,0.0200,131.3333,6561.0833,12,1596.5621,1586.7399,0.6152,3,6,3
c10,atc,70,0.75,0.7007,0.9818,0.0200,131.3333,6561.0833,12,1729.0430,1722.1896,0.3964,3,5,4
c10,edd,70,0.75,0.7007,0.9818,0.0200,131.3333,6561.0833,12,1730.3621,1722.1896,0.4723,3,5,4
c10,atc,70,1.0,0.7007,0.9818,0.0200,131.3333,6561.0833,12,1871.8151,1859.8237,0.6406,4,6,2
c10,edd,70,1.0,0.7007,0.9818,0.0200,131.3333,6561.0833,12,1876.2949,1859.8237,0.8779,2,4,6
c10,atc,90,0.25,0.9015,1.2852,0.1064,901.8333,8474.2500,12,2168.2529,1662.0798,23.3447,12,0,0
c10,edd,90,0.25,0.9015,1.2852,0.1064,901.8333,8474.2500,12,2143.3212,1662.0798,22.4531,12,0,0
c10,atc,90,0.5,0.9015,1.2852,0.1064,901.8333,8474.2500,12,2555.9194,1835.5417,28.1847,12,0,0
c10,edd,90,0.5,0.9015,1.2852,0.1064,901.8333,8474.2500,12,2557.1179,1835.5417,28.2183,12,0,0
c10,atc,90,0.75,0.9015,1.2852,0.1064,901.8333,8474.2500,12,2806.0017,1986.8832,29.1917,12,0,0
c10,edd,90,0.75,0.9015,1.2852,0.1064,901.8333,8474.2500,12,2828.8708,1986.8832,29.7641,12,0,0
c10,atc,90,1.0,0.9015,1.2852,0.1064,901.8333,8474.2500,12,3176.2174,2376.4819,25.1789,12,0,0
c10,edd,90,1.0,0.9015,1.2852,0.1064,901.8333,8474.2500,12,3227.6662,2376.4819,26.3715,12,0,0
c10,atc,100,0.25,0.9967,1.4069,0.1780,1667.1667,9359.1667,12,5015.3448,2032.8046,59.4683,12,0,0
c10,edd,100,0.25,0.9967,1.4069,0.1780,1667.1667,9359.1667,12,5556.9009,2032.8046,63.4184,12,0,0
c10,atc,100,0.5,0.9967,1.4069,0.1780,1667.1667,9359.1667,12,5808.1348,2215.4058,61.8568,12,0,0
c10,edd,100,0.5,0.9967,1.4069,0.1780,1667.1667,9359.1667,12,6728.8875,2215.4058,67.0762,12,0,0
c10,atc,100,0.75,0.9967,1.4069,0.1780,1667.1667,9359.1667,12,6502.5628,2426.2530,62.6877,12,0,0
c10,edd,100,0.75,0.9967,1.4069,0.1780,1667.1667,9359.1667,12,7812.4852,2426.2530,68.9439,12,0,0
c10,atc,100,1.0,0.9967,1.4069,0.1780,1667.1667,9359.1667,12,7662.2261,2739.7422,64.2435,12,0,0
c10,edd,100,1.0,0.9967,1.4069,0.1780,1667.1667,9359.1667,12,9766.5155,2739.7422,71.9476,12,0,0
c10,atc,110,0.25,1.1002,1.5356,0.2471,2549.0833,10315.5000,12,13478.2763,2318.4219,82.7988,12,0,0
c10,edd,110,0.25,1.1002,1.5356,0.2471,2549.0833,10315.5000,12,14181.2921,2318.4219,83.6515,12,0,0
c10,atc,110,0.5,1.1002,1.5356,0.2471,2549.0833,10315.5000,12,16077.6509,2387.7594,85.1486,12,0,0
c10,edd,110,0.5,1.1002,1.5356,0.2471,2549.0833,10315.5000,12,17095.9443,2387.7594,86.0332,12,0,0
c10,atc,110,0.75,1.1002,1.5356,0.2471,2549.0833,10315.5000,12,18855.9058,2653.5429,85.9273,12,0,0
c10,edd,110,0.75,1.1002,1.5356,0.2471,2549.0833,10315.5000,12,20210.8122,2653.5429,86.8707,12,0,0
c10,atc,110,1.0,1.1002,1.5356,0.2471,2549.0833,10315.5000,12,23045.9775,2854.8770,87.6123,12,0,0
c10,edd,110,1.0,1.1002,1.5356,0.2471,2549.0833,10315.5000,12,24905.5538,2854.8770,88.5372,12,0,0
c10,atc,130,0.25,1.3018,1.8242,0.3438,4183.0833,12167.9167,12,52075.2133,2799.1088,94.6249,12,0,0
c10,edd,130,0.25,1.3018,1.8242,0.3438,4183.0833,12167.9167,12,52894.5738,2799.1088,94.7081,12,0,0
c10,atc,130,0.5,1.3018,1.8242,0.3438,4183.0833,12167.9167,12,63113.6923,3056.9674,95.1564,12,0,0
c10,edd,130,0.5,1.3018,1.8242,0.3438,4183.0833,12167.9167,12,64559.9266,3056.9674,95.2649,12,0,0
c10,atc,130,0.75,1.3018,1.8242,0.3438,4183.0833,12167.9167,12,75444.4336,3306.6214,95.6171,12,0,0
c10,edd,130,0.75,1.3018,1.8242,0.3438,4183.0833,12167.9167,12,77679.8092,3306.6214,95.7433,12,0,0
c10,atc,130,1.0,1.3018,1.8242,0.3438,4183.0833,12167.9167,12,97007.6344,4083.8735,95.7902,12,0,0
c10,edd,130,1.0,1.3018,1.8242,0.3438,4183.0833,12167.9167,12,99779.5324,4083.8735,95.9071,12,0,0
