scope,campus,cell,rule,beta,n,mean_rule,mean_oracle,abs_gap,pct_gap,oracle_wins,ties,oracle_losses,util_pooled,util_worst,incomplete_at_horizon,mean_nlate_rule
campus,9,pmmix_p20_c60,atc,0.25,30,808.5836,808.3351,0.2486,0.0307,2,28,0,0.2717,0.4528,17.50,15.23
campus,9,pmmix_p20_c100,atc,0.25,30,790.4089,790.4089,0.0000,0.0000,0,30,0,0.1647,0.2732,17.37,15.20
campus,9,pmmix_p50_c60,atc,0.25,30,415.9730,415.9730,0.0000,0.0000,0,30,0,0.2711,0.4269,18.87,8.00
campus,9,pmmix_p50_c100,atc,0.25,30,418.6225,418.6225,0.0000,0.0000,0,30,0,0.1643,0.2651,18.83,8.83
campus,9,pmmix_p80_c60,atc,0.25,30,235.4496,235.5153,-0.0658,-0.0279,0,29,1,0.2777,0.4515,19.50,4.13
campus,9,pmmix_p80_c100,atc,0.25,30,238.4948,238.4948,0.0000,0.0000,0,30,0,0.1683,0.2671,19.33,4.07
campus,9,gen400_default,atc,0.25,40,199.7157,199.7157,0.0000,0.0000,0,40,0,0.1658,0.2803,16.70,4.08
campus,9,pmmix_c60_poolpm,atc,0.25,90,486.6687,486.6078,0.0609,0.0125,2,87,1,0.2735,0.4437,18.62,9.12
campus,9,pmmix_c100_poolpm,atc,0.25,90,482.5087,482.5087,0.0000,0.0000,0,90,0,0.1658,0.2685,18.51,9.37
campus,12,pmmix_p20_c60,atc,0.25,30,1385.6375,1381.8781,3.7594,0.2713,6,19,5,0.7781,1.4217,80.20,16.20
campus,12,pmmix_p20_c100,atc,0.25,30,1463.3219,1463.3219,0.0000,0.0000,0,30,0,0.4685,0.8539,76.80,16.33
campus,12,pmmix_p50_c60,atc,0.25,30,920.5265,920.1858,0.3407,0.0370,3,26,1,0.7888,1.3821,80.53,10.20
campus,12,pmmix_p50_c100,atc,0.25,30,875.0521,875.0521,0.0000,0.0000,0,30,0,0.4750,0.8298,77.40,10.03
campus,12,pmmix_p80_c60,atc,0.25,30,479.5178,478.7892,0.7286,0.1519,4,26,0,0.7943,1.3747,80.33,5.30
campus,12,pmmix_p80_c100,atc,0.25,30,497.6517,497.6517,0.0000,0.0000,0,30,0,0.4783,0.8201,78.23,5.47
campus,12,gen400_default,atc,0.25,40,1490.7304,1490.3953,0.3351,0.0225,1,39,0,0.4756,0.8591,75.42,17.43
campus,12,pmmix_c60_poolpm,atc,0.25,90,928.5606,926.9510,1.6096,0.1733,13,71,6,0.7871,1.3928,80.36,10.57
campus,12,pmmix_c100_poolpm,atc,0.25,90,945.3419,945.3419,0.0000,0.0000,0,90,0,0.4739,0.8346,77.48,10.61
campus,5,pmmix_p20_c60,atc,0.25,30,205.9827,176.4158,29.5669,14.3541,10,20,0,0.4238,0.9322,35.60,4.27
campus,5,pmmix_p20_c100,atc,0.25,30,108.2489,108.0973,0.1516,0.1401,1,29,0,0.2521,0.4989,31.00,2.50
campus,5,pmmix_p50_c60,atc,0.25,30,72.1845,68.7093,3.4753,4.8144,5,25,0,0.4254,0.8364,34.17,2.17
campus,5,pmmix_p50_c100,atc,0.25,30,49.3886,49.3886,0.0000,0.0000,0,30,0,0.2531,0.4550,30.97,1.40
campus,5,pmmix_p80_c60,atc,0.25,30,45.0145,44.7720,0.2425,0.5387,1,28,1,0.4343,0.8035,34.47,1.13
campus,5,pmmix_p80_c100,atc,0.25,30,38.5726,38.5726,0.0000,0.0000,0,30,0,0.2583,0.4617,31.57,0.97
campus,5,gen400_default,atc,0.25,40,68.7755,68.7755,0.0000,0.0000,0,40,0,0.2540,0.5333,31.10,2.05
campus,5,pmmix_c60_poolpm,atc,0.25,90,107.7273,96.6324,11.0949,10.2991,16,73,1,0.4278,0.8574,34.74,2.52
campus,5,pmmix_c100_poolpm,atc,0.25,90,65.4034,65.3528,0.0505,0.0773,1,89,0,0.2545,0.4718,31.18,1.62
campus,10,pmmix_p20_c60,atc,0.25,30,279.9231,279.9231,0.0000,0.0000,0,30,0,0.0941,0.1768,9.90,2.70
campus,10,pmmix_p20_c100,atc,0.25,30,294.0526,294.0526,0.0000,0.0000,0,30,0,0.0556,0.1062,9.90,3.10
campus,10,pmmix_p50_c60,atc,0.25,30,160.0229,160.0229,0.0000,0.0000,0,30,0,0.0928,0.1988,10.47,1.70
campus,10,pmmix_p50_c100,atc,0.25,30,119.2994,119.2994,0.0000,0.0000,0,30,0,0.0549,0.1152,10.47,1.57
campus,10,pmmix_p80_c60,atc,0.25,30,41.3960,41.3960,0.0000,0.0000,0,30,0,0.0948,0.1739,10.37,0.63
campus,10,pmmix_p80_c100,atc,0.25,30,49.1777,49.1777,0.0000,0.0000,0,30,0,0.0560,0.1036,10.37,0.83
campus,10,gen400_default,atc,0.25,40,49.3449,49.3449,0.0000,0.0000,0,40,0,0.0544,0.1113,8.62,0.85
campus,10,pmmix_c60_poolpm,atc,0.25,90,160.4474,160.4474,0.0000,0.0000,0,90,0,0.0939,0.1831,10.24,1.68
campus,10,pmmix_c100_poolpm,atc,0.25,90,154.1766,154.1766,0.0000,0.0000,0,90,0,0.0555,0.1083,10.24,1.83
pooled_loaded,9+12,pmmix_p20_c60,atc,0.25,60,1097.1106,1095.1066,2.0040,0.1827,8,47,5,0.5249,0.9373,48.85,15.72
pooled_loaded,9+12,pmmix_p20_c100,atc,0.25,60,1126.8654,1126.8654,0.0000,0.0000,0,60,0,0.3166,0.5636,47.08,15.77
pooled_loaded,9+12,pmmix_p50_c60,atc,0.25,60,668.2497,668.0794,0.1703,0.0255,3,56,1,0.5300,0.9045,49.70,9.10
pooled_loaded,9+12,pmmix_p50_c100,atc,0.25,60,646.8373,646.8373,0.0000,0.0000,0,60,0,0.3197,0.5475,48.12,9.43
pooled_loaded,9+12,pmmix_p80_c60,atc,0.25,60,357.4837,357.1523,0.3314,0.0927,4,55,1,0.5360,0.9131,49.92,4.72
pooled_loaded,9+12,pmmix_p80_c100,atc,0.25,60,368.0733,368.0733,0.0000,0.0000,0,60,0,0.3233,0.5436,48.78,4.77
pooled_loaded,9+12,gen400_default,atc,0.25,80,845.2231,845.0555,0.1676,0.0198,1,79,0,0.3207,0.5697,46.06,10.75
pooled_loaded,9+12,pmmix_c60_poolpm,atc,0.25,180,707.6147,706.7794,0.8352,0.1180,15,158,7,0.5303,0.9183,49.49,9.84
pooled_loaded,9+12,pmmix_c100_poolpm,atc,0.25,180,713.9253,713.9253,0.0000,0.0000,0,180,0,0.3198,0.5515,47.99,9.99
pooled_all,5+9+10+12,pmmix_c60_poolpm,atc,0.25,360,420.8510,417.6596,3.1913,0.7583,31,321,8,0.3956,0.7193,35.99,5.97
pooled_all,5+9+10+12,pmmix_c100_poolpm,atc,0.25,360,411.8576,411.8450,0.0126,0.0031,1,359,0,0.2374,0.4208,34.35,5.86
campus,9,pmmix_p20_c60,atc,0.5,30,882.3185,881.8482,0.4703,0.0533,3,27,0,0.2717,0.4528,17.50,16.13
campus,9,pmmix_p20_c100,atc,0.5,30,803.4211,803.4211,0.0000,0.0000,0,30,0,0.1647,0.2732,17.37,15.87
campus,9,pmmix_p50_c60,atc,0.5,30,452.5732,452.5732,0.0000,0.0000,0,30,0,0.2711,0.4269,18.87,8.70
campus,9,pmmix_p50_c100,atc,0.5,30,424.0056,424.0056,0.0000,0.0000,0,30,0,0.1643,0.2651,18.83,9.17
campus,9,pmmix_p80_c60,atc,0.5,30,275.0132,275.0790,-0.0658,-0.0239,0,29,1,0.2777,0.4515,19.50,4.77
campus,9,pmmix_p80_c100,atc,0.5,30,261.8438,261.8438,0.0000,0.0000,0,30,0,0.1683,0.2671,19.33,4.57
campus,9,gen400_default,atc,0.5,40,204.4817,204.4817,0.0000,0.0000,0,40,0,0.1658,0.2803,16.70,4.17
campus,9,pmmix_c60_poolpm,atc,0.5,90,536.6350,536.5001,0.1348,0.0251,3,86,1,0.2735,0.4437,18.62,9.87
campus,9,pmmix_c100_poolpm,atc,0.5,90,496.4235,496.4235,0.0000,0.0000,0,90,0,0.1658,0.2685,18.51,9.87
campus,12,pmmix_p20_c60,atc,0.5,30,1352.0841,1349.0050,3.0791,0.2277,5,17,8,0.7781,1.4217,80.20,16.67
campus,12,pmmix_p20_c100,atc,0.5,30,1400.8336,1400.8336,0.0000,0.0000,0,30,0,0.4685,0.8539,76.80,17.00
campus,12,pmmix_p50_c60,atc,0.5,30,885.2232,885.0788,0.1444,0.0163,2,27,1,0.7888,1.3821,80.53,10.23
campus,12,pmmix_p50_c100,atc,0.5,30,847.6616,847.6616,0.0000,0.0000,0,30,0,0.4750,0.8298,77.40,10.23
campus,12,pmmix_p80_c60,atc,0.5,30,482.2806,481.5976,0.6831,0.1416,4,26,0,0.7943,1.3747,80.33,5.37
campus,12,pmmix_p80_c100,atc,0.5,30,492.1073,492.1073,0.0000,0.0000,0,30,0,0.4783,0.8201,78.23,5.50
campus,12,gen400_default,atc,0.5,40,1435.5772,1435.2421,0.3351,0.0233,1,39,0,0.4756,0.8591,75.42,17.88
campus,12,pmmix_c60_poolpm,atc,0.5,90,906.5293,905.2271,1.3022,0.1436,11,70,9,0.7871,1.3928,80.36,10.76
campus,12,pmmix_c100_poolpm,atc,0.5,90,913.5341,913.5341,0.0000,0.0000,0,90,0,0.4739,0.8346,77.48,10.91
campus,5,pmmix_p20_c60,atc,0.5,30,264.5047,222.3375,42.1672,15.9419,8,22,0,0.4238,0.9322,35.60,5.13
campus,5,pmmix_p20_c100,atc,0.5,30,121.8836,121.7320,0.1516,0.1244,1,29,0,0.2521,0.4989,31.00,3.20
campus,5,pmmix_p50_c60,atc,0.5,30,100.7609,95.2921,5.4688,5.4275,5,25,0,0.4254,0.8364,34.17,2.43
campus,5,pmmix_p50_c100,atc,0.5,30,61.2380,61.2380,0.0000,0.0000,0,30,0,0.2531,0.4550,30.97,1.73
campus,5,pmmix_p80_c60,atc,0.5,30,53.4442,51.0359,2.4083,4.5063,1,28,1,0.4343,0.8035,34.47,1.57
campus,5,pmmix_p80_c100,atc,0.5,30,49.4021,49.4021,0.0000,0.0000,0,30,0,0.2583,0.4617,31.57,1.40
campus,5,gen400_default,atc,0.5,40,80.3636,80.3636,0.0000,0.0000,0,40,0,0.2540,0.5333,31.10,2.45
campus,5,pmmix_c60_poolpm,atc,0.5,90,139.5699,122.8885,16.6814,11.9520,14,75,1,0.4278,0.8574,34.74,3.04
campus,5,pmmix_c100_poolpm,atc,0.5,90,77.5079,77.4574,0.0505,0.0652,1,89,0,0.2545,0.4718,31.18,2.11
campus,10,pmmix_p20_c60,atc,0.5,30,296.4816,296.4816,0.0000,0.0000,0,30,0,0.0941,0.1768,9.90,3.03
campus,10,pmmix_p20_c100,atc,0.5,30,309.2187,309.2187,0.0000,0.0000,0,30,0,0.0556,0.1062,9.90,3.20
campus,10,pmmix_p50_c60,atc,0.5,30,173.5717,173.5717,0.0000,0.0000,0,30,0,0.0928,0.1988,10.47,1.80
campus,10,pmmix_p50_c100,atc,0.5,30,135.1871,135.1871,0.0000,0.0000,0,30,0,0.0549,0.1152,10.47,1.87
campus,10,pmmix_p80_c60,atc,0.5,30,53.1223,53.1223,0.0000,0.0000,0,30,0,0.0948,0.1739,10.37,0.73
campus,10,pmmix_p80_c100,atc,0.5,30,32.3167,32.3167,0.0000,0.0000,0,30,0,0.0560,0.1036,10.37,0.73
campus,10,gen400_default,atc,0.5,40,52.6452,52.6452,0.0000,0.0000,0,40,0,0.0544,0.1113,8.62,0.88
campus,10,pmmix_c60_poolpm,atc,0.5,90,174.3919,174.3919,0.0000,0.0000,0,90,0,0.0939,0.1831,10.24,1.86
campus,10,pmmix_c100_poolpm,atc,0.5,90,158.9075,158.9075,0.0000,0.0000,0,90,0,0.0555,0.1083,10.24,1.93
pooled_loaded,9+12,pmmix_p20_c60,atc,0.5,60,1117.2013,1115.4266,1.7747,0.1589,8,44,8,0.5249,0.9373,48.85,16.40
pooled_loaded,9+12,pmmix_p20_c100,atc,0.5,60,1102.1273,1102.1273,0.0000,0.0000,0,60,0,0.3166,0.5636,47.08,16.43
pooled_loaded,9+12,pmmix_p50_c60,atc,0.5,60,668.8982,668.8260,0.0722,0.0108,2,57,1,0.5300,0.9045,49.70,9.47
pooled_loaded,9+12,pmmix_p50_c100,atc,0.5,60,635.8336,635.8336,0.0000,0.0000,0,60,0,0.3197,0.5475,48.12,9.70
pooled_loaded,9+12,pmmix_p80_c60,atc,0.5,60,378.6469,378.3383,0.3087,0.0815,4,55,1,0.5360,0.9131,49.92,5.07
pooled_loaded,9+12,pmmix_p80_c100,atc,0.5,60,376.9755,376.9755,0.0000,0.0000,0,60,0,0.3233,0.5436,48.78,5.03
pooled_loaded,9+12,gen400_default,atc,0.5,80,820.0295,819.8619,0.1676,0.0204,1,79,0,0.3207,0.5697,46.06,11.03
pooled_loaded,9+12,pmmix_c60_poolpm,atc,0.5,180,721.5822,720.8636,0.7185,0.0996,14,156,10,0.5303,0.9183,49.49,10.31
pooled_loaded,9+12,pmmix_c100_poolpm,atc,0.5,180,704.9788,704.9788,0.0000,0.0000,0,180,0,0.3198,0.5515,47.99,10.39
pooled_all,5+9+10+12,pmmix_c60_poolpm,atc,0.5,360,439.2815,434.7519,4.5296,1.0311,28,321,11,0.3956,0.7193,35.99,6.38
pooled_all,5+9+10+12,pmmix_c100_poolpm,atc,0.5,360,411.5933,411.5806,0.0126,0.0031,1,359,0,0.2374,0.4208,34.35,6.21
campus,9,pmmix_p20_c60,atc,1.0,30,852.7230,852.0060,0.7170,0.0841,5,25,0,0.2717,0.4528,17.50,16.67
campus,9,pmmix_p20_c100,atc,1.0,30,847.4565,847.4565,0.0000,0.0000,0,30,0,0.1647,0.2732,17.37,16.53
campus,9,pmmix_p50_c60,atc,1.0,30,468.2730,468.2730,0.0000,0.0000,0,30,0,0.2711,0.4269,18.87,9.43
campus,9,pmmix_p50_c100,atc,1.0,30,467.3056,467.3056,0.0000,0.0000,0,30,0,0.1643,0.2651,18.83,9.33
campus,9,pmmix_p80_c60,atc,1.0,30,282.1005,282.1663,-0.0658,-0.0233,0,29,1,0.2777,0.4515,19.50,5.07
campus,9,pmmix_p80_c100,atc,1.0,30,280.4097,280.4097,0.0000,0.0000,0,30,0,0.1683,0.2671,19.33,5.07
campus,9,gen400_default,atc,1.0,40,242.0357,242.0357,0.0000,0.0000,0,40,0,0.1658,0.2803,16.70,4.53
campus,9,pmmix_c60_poolpm,atc,1.0,90,534.3655,534.1484,0.2171,0.0406,5,84,1,0.2735,0.4437,18.62,10.39
campus,9,pmmix_c100_poolpm,atc,1.0,90,531.7239,531.7239,0.0000,0.0000,0,90,0,0.1658,0.2685,18.51,10.31
campus,12,pmmix_p20_c60,atc,1.0,30,1243.8191,1242.9462,0.8729,0.0702,4,21,5,0.7781,1.4217,80.20,17.27
campus,12,pmmix_p20_c100,atc,1.0,30,1232.7980,1232.7980,0.0000,0.0000,0,30,0,0.4685,0.8539,76.80,17.03
campus,12,pmmix_p50_c60,atc,1.0,30,726.8067,725.7792,1.0275,0.1414,4,24,2,0.7888,1.3821,80.53,11.20
campus,12,pmmix_p50_c100,atc,1.0,30,723.5779,723.5779,0.0000,0.0000,0,30,0,0.4750,0.8298,77.40,11.13
campus,12,pmmix_p80_c60,atc,1.0,30,353.0863,353.1269,-0.0406,-0.0115,0,29,1,0.7943,1.3747,80.33,5.37
campus,12,pmmix_p80_c100,atc,1.0,30,351.9555,351.9555,0.0000,0.0000,0,30,0,0.4783,0.8201,78.23,5.37
campus,12,gen400_default,atc,1.0,40,1186.4524,1186.4524,0.0000,0.0000,0,40,0,0.4756,0.8591,75.42,18.65
campus,12,pmmix_c60_poolpm,atc,1.0,90,774.5707,773.9508,0.6199,0.0800,8,74,8,0.7871,1.3928,80.36,11.28
campus,12,pmmix_c100_poolpm,atc,1.0,90,769.4438,769.4438,0.0000,0.0000,0,90,0,0.4739,0.8346,77.48,11.18
campus,5,pmmix_p20_c60,atc,1.0,30,344.1424,299.0201,45.1223,13.1115,8,22,0,0.4238,0.9322,35.60,7.27
campus,5,pmmix_p20_c100,atc,1.0,30,149.7787,149.7787,0.0000,0.0000,0,30,0,0.2521,0.4989,31.00,4.00
campus,5,pmmix_p50_c60,atc,1.0,30,107.6722,106.2923,1.3799,1.2815,4,26,0,0.4254,0.8364,34.17,3.03
campus,5,pmmix_p50_c100,atc,1.0,30,75.8206,75.8206,0.0000,0.0000,0,30,0,0.2531,0.4550,30.97,2.43
campus,5,pmmix_p80_c60,atc,1.0,30,60.9826,57.7993,3.1834,5.2201,1,29,0,0.4343,0.8035,34.47,1.90
campus,5,pmmix_p80_c100,atc,1.0,30,55.9572,55.9572,0.0000,0.0000,0,30,0,0.2583,0.4617,31.57,1.67
campus,5,gen400_default,atc,1.0,40,112.5412,112.5412,0.0000,0.0000,0,40,0,0.2540,0.5333,31.10,2.98
campus,5,pmmix_c60_poolpm,atc,1.0,90,170.9324,154.3706,16.5619,9.6891,13,77,0,0.4278,0.8574,34.74,4.07
campus,5,pmmix_c100_poolpm,atc,1.0,90,93.8521,93.8521,0.0000,0.0000,0,90,0,0.2545,0.4718,31.18,2.70
campus,10,pmmix_p20_c60,atc,1.0,30,357.2426,357.2426,0.0000,0.0000,0,30,0,0.0941,0.1768,9.90,3.60
campus,10,pmmix_p20_c100,atc,1.0,30,357.2426,357.2426,0.0000,0.0000,0,30,0,0.0556,0.1062,9.90,3.60
campus,10,pmmix_p50_c60,atc,1.0,30,167.7337,167.7337,0.0000,0.0000,0,30,0,0.0928,0.1988,10.47,2.00
campus,10,pmmix_p50_c100,atc,1.0,30,167.7337,167.7337,0.0000,0.0000,0,30,0,0.0549,0.1152,10.47,2.00
campus,10,pmmix_p80_c60,atc,1.0,30,41.5367,41.5367,0.0000,0.0000,0,30,0,0.0948,0.1739,10.37,0.77
campus,10,pmmix_p80_c100,atc,1.0,30,41.5367,41.5367,0.0000,0.0000,0,30,0,0.0560,0.1036,10.37,0.77
campus,10,gen400_default,atc,1.0,40,69.7856,69.7856,0.0000,0.0000,0,40,0,0.0544,0.1113,8.62,0.97
campus,10,pmmix_c60_poolpm,atc,1.0,90,188.8377,188.8377,0.0000,0.0000,0,90,0,0.0939,0.1831,10.24,2.12
campus,10,pmmix_c100_poolpm,atc,1.0,90,188.8377,188.8377,0.0000,0.0000,0,90,0,0.0555,0.1083,10.24,2.12
pooled_loaded,9+12,pmmix_p20_c60,atc,1.0,60,1048.2710,1047.4761,0.7949,0.0758,9,46,5,0.5249,0.9373,48.85,16.97
pooled_loaded,9+12,pmmix_p20_c100,atc,1.0,60,1040.1273,1040.1273,0.0000,0.0000,0,60,0,0.3166,0.5636,47.08,16.78
pooled_loaded,9+12,pmmix_p50_c60,atc,1.0,60,597.5398,597.0261,0.5137,0.0860,4,54,2,0.5300,0.9045,49.70,10.32
pooled_loaded,9+12,pmmix_p50_c100,atc,1.0,60,595.4417,595.4417,0.0000,0.0000,0,60,0,0.3197,0.5475,48.12,10.23
pooled_loaded,9+12,pmmix_p80_c60,atc,1.0,60,317.5934,317.6466,-0.0532,-0.0167,0,58,2,0.5360,0.9131,49.92,5.22
pooled_loaded,9+12,pmmix_p80_c100,atc,1.0,60,316.1826,316.1826,0.0000,0.0000,0,60,0,0.3233,0.5436,48.78,5.22
pooled_loaded,9+12,gen400_default,atc,1.0,80,714.2440,714.2440,0.0000,0.0000,0,80,0,0.3207,0.5697,46.06,11.59
pooled_loaded,9+12,pmmix_c60_poolpm,atc,1.0,180,654.4681,654.0496,0.4185,0.0639,13,158,9,0.5303,0.9183,49.49,10.83
pooled_loaded,9+12,pmmix_c100_poolpm,atc,1.0,180,650.5839,650.5839,0.0000,0.0000,0,180,0,0.3198,0.5515,47.99,10.74
pooled_all,5+9+10+12,pmmix_c60_poolpm,atc,1.0,360,417.1766,412.8269,4.3497,1.0427,26,325,9,0.3956,0.7193,35.99,6.96
pooled_all,5+9+10+12,pmmix_c100_poolpm,atc,1.0,360,395.9644,395.9644,0.0000,0.0000,0,360,0,0.2374,0.4208,34.35,6.58
campus,9,pmmix_p20_c60,edd,0.25,30,809.1521,808.3351,0.8170,0.1010,1,29,0,0.2717,0.4528,17.50,-1.00
campus,9,pmmix_p20_c100,edd,0.25,30,790.4089,790.4089,0.0000,0.0000,0,30,0,0.1647,0.2732,17.37,-1.00
campus,9,pmmix_p50_c60,edd,0.25,30,415.9730,415.9730,0.0000,0.0000,0,30,0,0.2711,0.4269,18.87,-1.00
campus,9,pmmix_p50_c100,edd,0.25,30,418.6225,418.6225,0.0000,0.0000,0,30,0,0.1643,0.2651,18.83,-1.00
campus,9,pmmix_p80_c60,edd,0.25,30,235.4496,235.5967,-0.1471,-0.0625,0,29,1,0.2777,0.4515,19.50,-1.00
campus,9,pmmix_p80_c100,edd,0.25,30,238.4948,238.4948,0.0000,0.0000,0,30,0,0.1683,0.2671,19.33,-1.00
campus,9,gen400_default,edd,0.25,40,199.7157,199.7157,0.0000,0.0000,0,40,0,0.1658,0.2803,16.70,-1.00
campus,9,pmmix_c60_poolpm,edd,0.25,90,486.8582,486.6349,0.2233,0.0459,1,88,1,0.2735,0.4437,18.62,-1.00
campus,9,pmmix_c100_poolpm,edd,0.25,90,482.5087,482.5087,0.0000,0.0000,0,90,0,0.1658,0.2685,18.51,-1.00
campus,12,pmmix_p20_c60,edd,0.25,30,1386.0299,1381.2088,4.8211,0.3478,8,20,2,0.7781,1.4217,80.20,-1.00
campus,12,pmmix_p20_c100,edd,0.25,30,1463.3219,1463.3219,0.0000,0.0000,0,30,0,0.4685,0.8539,76.80,-1.00
campus,12,pmmix_p50_c60,edd,0.25,30,920.7601,920.3061,0.4540,0.0493,3,27,0,0.7888,1.3821,80.53,-1.00
campus,12,pmmix_p50_c100,edd,0.25,30,875.0521,875.0521,0.0000,0.0000,0,30,0,0.4750,0.8298,77.40,-1.00
campus,12,pmmix_p80_c60,edd,0.25,30,478.8025,478.0051,0.7975,0.1666,4,26,0,0.7943,1.3747,80.33,-1.00
campus,12,pmmix_p80_c100,edd,0.25,30,497.6517,497.6517,0.0000,0.0000,0,30,0,0.4783,0.8201,78.23,-1.00
campus,12,gen400_default,edd,0.25,40,1490.3953,1490.3953,0.0000,0.0000,0,40,0,0.4756,0.8591,75.42,-1.00
campus,12,pmmix_c60_poolpm,edd,0.25,90,928.5308,926.5066,2.0242,0.2180,15,73,2,0.7871,1.3928,80.36,-1.00
campus,12,pmmix_c100_poolpm,edd,0.25,90,945.3419,945.3419,0.0000,0.0000,0,90,0,0.4739,0.8346,77.48,-1.00
campus,5,pmmix_p20_c60,edd,0.25,30,221.7482,179.7634,41.9848,18.9336,8,21,1,0.4238,0.9322,35.60,-1.00
campus,5,pmmix_p20_c100,edd,0.25,30,108.2489,108.0973,0.1516,0.1401,1,29,0,0.2521,0.4989,31.00,-1.00
campus,5,pmmix_p50_c60,edd,0.25,30,72.7447,69.0236,3.7211,5.1153,5,25,0,0.4254,0.8364,34.17,-1.00
campus,5,pmmix_p50_c100,edd,0.25,30,49.3886,49.3886,0.0000,0.0000,0,30,0,0.2531,0.4550,30.97,-1.00
campus,5,pmmix_p80_c60,edd,0.25,30,47.7913,44.5245,3.2668,6.8356,2,28,0,0.4343,0.8035,34.47,-1.00
campus,5,pmmix_p80_c100,edd,0.25,30,38.5726,38.5726,0.0000,0.0000,0,30,0,0.2583,0.4617,31.57,-1.00
campus,5,gen400_default,edd,0.25,40,68.7755,68.7755,0.0000,0.0000,0,40,0,0.2540,0.5333,31.10,-1.00
campus,5,pmmix_c60_poolpm,edd,0.25,90,114.0948,97.7705,16.3243,14.3076,15,74,1,0.4278,0.8574,34.74,-1.00
campus,5,pmmix_c100_poolpm,edd,0.25,90,65.4034,65.3528,0.0505,0.0773,1,89,0,0.2545,0.4718,31.18,-1.00
campus,10,pmmix_p20_c60,edd,0.25,30,279.9231,279.9231,0.0000,0.0000,0,30,0,0.0941,0.1768,9.90,-1.00
campus,10,pmmix_p20_c100,edd,0.25,30,294.0526,294.0526,0.0000,0.0000,0,30,0,0.0556,0.1062,9.90,-1.00
campus,10,pmmix_p50_c60,edd,0.25,30,160.0229,160.0229,0.0000,0.0000,0,30,0,0.0928,0.1988,10.47,-1.00
campus,10,pmmix_p50_c100,edd,0.25,30,119.2994,119.2994,0.0000,0.0000,0,30,0,0.0549,0.1152,10.47,-1.00
campus,10,pmmix_p80_c60,edd,0.25,30,41.3960,41.3960,0.0000,0.0000,0,30,0,0.0948,0.1739,10.37,-1.00
campus,10,pmmix_p80_c100,edd,0.25,30,49.1777,49.1777,0.0000,0.0000,0,30,0,0.0560,0.1036,10.37,-1.00
campus,10,gen400_default,edd,0.25,40,49.3449,49.3449,0.0000,0.0000,0,40,0,0.0544,0.1113,8.62,-1.00
campus,10,pmmix_c60_poolpm,edd,0.25,90,160.4474,160.4474,0.0000,0.0000,0,90,0,0.0939,0.1831,10.24,-1.00
campus,10,pmmix_c100_poolpm,edd,0.25,90,154.1766,154.1766,0.0000,0.0000,0,90,0,0.0555,0.1083,10.24,-1.00
pooled_loaded,9+12,pmmix_p20_c60,edd,0.25,60,1097.5910,1094.7719,2.8191,0.2568,9,49,2,0.5249,0.9373,48.85,-1.00
pooled_loaded,9+12,pmmix_p20_c100,edd,0.25,60,1126.8654,1126.8654,0.0000,0.0000,0,60,0,0.3166,0.5636,47.08,-1.00
pooled_loaded,9+12,pmmix_p50_c60,edd,0.25,60,668.3665,668.1395,0.2270,0.0340,3,57,0,0.5300,0.9045,49.70,-1.00
pooled_loaded,9+12,pmmix_p50_c100,edd,0.25,60,646.8373,646.8373,0.0000,0.0000,0,60,0,0.3197,0.5475,48.12,-1.00
pooled_loaded,9+12,pmmix_p80_c60,edd,0.25,60,357.1260,356.8009,0.3252,0.0911,4,55,1,0.5360,0.9131,49.92,-1.00
pooled_loaded,9+12,pmmix_p80_c100,edd,0.25,60,368.0733,368.0733,0.0000,0.0000,0,60,0,0.3233,0.5436,48.78,-1.00
pooled_loaded,9+12,gen400_default,edd,0.25,80,845.0555,845.0555,0.0000,0.0000,0,80,0,0.3207,0.5697,46.06,-1.00
pooled_loaded,9+12,pmmix_c60_poolpm,edd,0.25,180,707.6945,706.5708,1.1237,0.1588,16,161,3,0.5303,0.9183,49.49,-1.00
pooled_loaded,9+12,pmmix_c100_poolpm,edd,0.25,180,713.9253,713.9253,0.0000,0.0000,0,180,0,0.3198,0.5515,47.99,-1.00
pooled_all,5+9+10+12,pmmix_c60_poolpm,edd,0.25,360,422.4828,417.8399,4.6429,1.0990,31,325,4,0.3956,0.7193,35.99,-1.00
pooled_all,5+9+10+12,pmmix_c100_poolpm,edd,0.25,360,411.8576,411.8450,0.0126,0.0031,1,359,0,0.2374,0.4208,34.35,-1.00
campus,9,pmmix_p20_c60,edd,0.5,30,882.8461,881.8175,1.0286,0.1165,2,28,0,0.2717,0.4528,17.50,-1.00
campus,9,pmmix_p20_c100,edd,0.5,30,803.4211,803.4211,0.0000,0.0000,0,30,0,0.1647,0.2732,17.37,-1.00
campus,9,pmmix_p50_c60,edd,0.5,30,452.5732,452.5732,0.0000,0.0000,0,30,0,0.2711,0.4269,18.87,-1.00
campus,9,pmmix_p50_c100,edd,0.5,30,424.0056,424.0056,0.0000,0.0000,0,30,0,0.1643,0.2651,18.83,-1.00
campus,9,pmmix_p80_c60,edd,0.5,30,275.0132,275.0790,-0.0658,-0.0239,0,29,1,0.2777,0.4515,19.50,-1.00
campus,9,pmmix_p80_c100,edd,0.5,30,261.8438,261.8438,0.0000,0.0000,0,30,0,0.1683,0.2671,19.33,-1.00
campus,9,gen400_default,edd,0.5,40,204.4817,204.4817,0.0000,0.0000,0,40,0,0.1658,0.2803,16.70,-1.00
campus,9,pmmix_c60_poolpm,edd,0.5,90,536.8108,536.4899,0.3209,0.0598,2,87,1,0.2735,0.4437,18.62,-1.00
campus,9,pmmix_c100_poolpm,edd,0.5,90,496.4235,496.4235,0.0000,0.0000,0,90,0,0.1658,0.2685,18.51,-1.00
campus,12,pmmix_p20_c60,edd,0.5,30,1351.9129,1347.5952,4.3177,0.3194,8,21,1,0.7781,1.4217,80.20,-1.00
campus,12,pmmix_p20_c100,edd,0.5,30,1400.8336,1400.8336,0.0000,0.0000,0,30,0,0.4685,0.8539,76.80,-1.00
campus,12,pmmix_p50_c60,edd,0.5,30,885.5993,885.2641,0.3352,0.0379,1,29,0,0.7888,1.3821,80.53,-1.00
campus,12,pmmix_p50_c100,edd,0.5,30,847.6616,847.6616,0.0000,0.0000,0,30,0,0.4750,0.8298,77.40,-1.00
campus,12,pmmix_p80_c60,edd,0.5,30,481.6051,480.8209,0.7842,0.1628,3,27,0,0.7943,1.3747,80.33,-1.00
campus,12,pmmix_p80_c100,edd,0.5,30,492.1073,492.1073,0.0000,0.0000,0,30,0,0.4783,0.8201,78.23,-1.00
campus,12,gen400_default,edd,0.5,40,1435.2421,1435.2421,0.0000,0.0000,0,40,0,0.4756,0.8591,75.42,-1.00
campus,12,pmmix_c60_poolpm,edd,0.5,90,906.3724,904.5601,1.8124,0.2000,12,77,1,0.7871,1.3928,80.36,-1.00
campus,12,pmmix_c100_poolpm,edd,0.5,90,913.5341,913.5341,0.0000,0.0000,0,90,0,0.4739,0.8346,77.48,-1.00
campus,5,pmmix_p20_c60,edd,0.5,30,277.6479,229.9552,47.6927,17.1774,7,22,1,0.4238,0.9322,35.60,-1.00
campus,5,pmmix_p20_c100,edd,0.5,30,121.8836,121.7320,0.1516,0.1244,1,29,0,0.2521,0.4989,31.00,-1.00
campus,5,pmmix_p50_c60,edd,0.5,30,101.3211,95.7403,5.5809,5.5081,5,25,0,0.4254,0.8364,34.17,-1.00
campus,5,pmmix_p50_c100,edd,0.5,30,61.2380,61.2380,0.0000,0.0000,0,30,0,0.2531,0.4550,30.97,-1.00
campus,5,pmmix_p80_c60,edd,0.5,30,56.9324,51.0359,5.8965,10.3570,2,28,0,0.4343,0.8035,34.47,-1.00
campus,5,pmmix_p80_c100,edd,0.5,30,49.4021,49.4021,0.0000,0.0000,0,30,0,0.2583,0.4617,31.57,-1.00
campus,5,gen400_default,edd,0.5,40,80.3636,80.3636,0.0000,0.0000,0,40,0,0.2540,0.5333,31.10,-1.00
campus,5,pmmix_c60_poolpm,edd,0.5,90,145.3005,125.5771,19.7233,13.5742,14,75,1,0.4278,0.8574,34.74,-1.00
campus,5,pmmix_c100_poolpm,edd,0.5,90,77.5079,77.4574,0.0505,0.0652,1,89,0,0.2545,0.4718,31.18,-1.00
campus,10,pmmix_p20_c60,edd,0.5,30,296.4816,296.4816,0.0000,0.0000,0,30,0,0.0941,0.1768,9.90,-1.00
campus,10,pmmix_p20_c100,edd,0.5,30,309.2187,309.2187,0.0000,0.0000,0,30,0,0.0556,0.1062,9.90,-1.00
campus,10,pmmix_p50_c60,edd,0.5,30,173.5717,173.5717,0.0000,0.0000,0,30,0,0.0928,0.1988,10.47,-1.00
campus,10,pmmix_p50_c100,edd,0.5,30,135.1871,135.1871,0.0000,0.0000,0,30,0,0.0549,0.1152,10.47,-1.00
campus,10,pmmix_p80_c60,edd,0.5,30,53.1223,53.1223,0.0000,0.0000,0,30,0,0.0948,0.1739,10.37,-1.00
campus,10,pmmix_p80_c100,edd,0.5,30,32.3167,32.3167,0.0000,0.0000,0,30,0,0.0560,0.1036,10.37,-1.00
campus,10,gen400_default,edd,0.5,40,52.6452,52.6452,0.0000,0.0000,0,40,0,0.0544,0.1113,8.62,-1.00
campus,10,pmmix_c60_poolpm,edd,0.5,90,174.3919,174.3919,0.0000,0.0000,0,90,0,0.0939,0.1831,10.24,-1.00
campus,10,pmmix_c100_poolpm,edd,0.5,90,158.9075,158.9075,0.0000,0.0000,0,90,0,0.0555,0.1083,10.24,-1.00
pooled_loaded,9+12,pmmix_p20_c60,edd,0.5,60,1117.3795,1114.7064,2.6731,0.2392,10,49,1,0.5249,0.9373,48.85,-1.00
pooled_loaded,9+12,pmmix_p20_c100,edd,0.5,60,1102.1273,1102.1273,0.0000,0.0000,0,60,0,0.3166,0.5636,47.08,-1.00
pooled_loaded,9+12,pmmix_p50_c60,edd,0.5,60,669.0863,668.9186,0.1676,0.0250,1,59,0,0.5300,0.9045,49.70,-1.00
pooled_loaded,9+12,pmmix_p50_c100,edd,0.5,60,635.8336,635.8336,0.0000,0.0000,0,60,0,0.3197,0.5475,48.12,-1.00
pooled_loaded,9+12,pmmix_p80_c60,edd,0.5,60,378.3092,377.9500,0.3592,0.0949,3,56,1,0.5360,0.9131,49.92,-1.00
pooled_loaded,9+12,pmmix_p80_c100,edd,0.5,60,376.9755,376.9755,0.0000,0.0000,0,60,0,0.3233,0.5436,48.78,-1.00
pooled_loaded,9+12,gen400_default,edd,0.5,80,819.8619,819.8619,0.0000,0.0000,0,80,0,0.3207,0.5697,46.06,-1.00
pooled_loaded,9+12,pmmix_c60_poolpm,edd,0.5,180,721.5916,720.5250,1.0666,0.1478,14,164,2,0.5303,0.9183,49.49,-1.00
pooled_loaded,9+12,pmmix_c100_poolpm,edd,0.5,180,704.9788,704.9788,0.0000,0.0000,0,180,0,0.3198,0.5515,47.99,-1.00
pooled_all,5+9+10+12,pmmix_c60_poolpm,edd,0.5,360,440.7189,435.2547,5.4642,1.2398,28,329,3,0.3956,0.7193,35.99,-1.00
pooled_all,5+9+10+12,pmmix_c100_poolpm,edd,0.5,360,411.5933,411.5806,0.0126,0.0031,1,359,0,0.2374,0.4208,34.35,-1.00
campus,9,pmmix_p20_c60,edd,1.0,30,852.9659,852.0368,0.9291,0.1089,3,27,0,0.2717,0.4528,17.50,-1.00
campus,9,pmmix_p20_c100,edd,1.0,30,847.4565,847.4565,0.0000,0.0000,0,30,0,0.1647,0.2732,17.37,-1.00
campus,9,pmmix_p50_c60,edd,1.0,30,468.2730,468.2730,0.0000,0.0000,0,30,0,0.2711,0.4269,18.87,-1.00
campus,9,pmmix_p50_c100,edd,1.0,30,467.3056,467.3056,0.0000,0.0000,0,30,0,0.1643,0.2651,18.83,-1.00
campus,9,pmmix_p80_c60,edd,1.0,30,282.1005,282.2210,-0.1204,-0.0427,0,28,2,0.2777,0.4515,19.50,-1.00
campus,9,pmmix_p80_c100,edd,1.0,30,280.4097,280.4097,0.0000,0.0000,0,30,0,0.1683,0.2671,19.33,-1.00
campus,9,gen400_default,edd,1.0,40,242.0357,242.0357,0.0000,0.0000,0,40,0,0.1658,0.2803,16.70,-1.00
campus,9,pmmix_c60_poolpm,edd,1.0,90,534.4465,534.1769,0.2696,0.0504,3,85,2,0.2735,0.4437,18.62,-1.00
campus,9,pmmix_c100_poolpm,edd,1.0,90,531.7239,531.7239,0.0000,0.0000,0,90,0,0.1658,0.2685,18.51,-1.00
campus,12,pmmix_p20_c60,edd,1.0,30,1241.5161,1240.5911,0.9250,0.0745,4,24,2,0.7781,1.4217,80.20,-1.00
campus,12,pmmix_p20_c100,edd,1.0,30,1232.7980,1232.7980,0.0000,0.0000,0,30,0,0.4685,0.8539,76.80,-1.00
campus,12,pmmix_p50_c60,edd,1.0,30,726.3764,725.1542,1.2222,0.1683,3,26,1,0.7888,1.3821,80.53,-1.00
campus,12,pmmix_p50_c100,edd,1.0,30,723.5779,723.5779,0.0000,0.0000,0,30,0,0.4750,0.8298,77.40,-1.00
campus,12,pmmix_p80_c60,edd,1.0,30,352.8500,353.0256,-0.1756,-0.0498,1,28,1,0.7943,1.3747,80.33,-1.00
campus,12,pmmix_p80_c100,edd,1.0,30,351.9555,351.9555,0.0000,0.0000,0,30,0,0.4783,0.8201,78.23,-1.00
campus,12,gen400_default,edd,1.0,40,1186.4524,1186.4524,0.0000,0.0000,0,40,0,0.4756,0.8591,75.42,-1.00
campus,12,pmmix_c60_poolpm,edd,1.0,90,773.5808,772.9236,0.6572,0.0850,8,78,4,0.7871,1.3928,80.36,-1.00
campus,12,pmmix_c100_poolpm,edd,1.0,90,769.4438,769.4438,0.0000,0.0000,0,90,0,0.4739,0.8346,77.48,-1.00
campus,5,pmmix_p20_c60,edd,1.0,30,369.4455,326.9909,42.4546,11.4914,7,22,1,0.4238,0.9322,35.60,-1.00
campus,5,pmmix_p20_c100,edd,1.0,30,149.7787,149.7787,0.0000,0.0000,0,30,0,0.2521,0.4989,31.00,-1.00
campus,5,pmmix_p50_c60,edd,1.0,30,108.0778,106.5797,1.4981,1.3862,3,27,0,0.4254,0.8364,34.17,-1.00
campus,5,pmmix_p50_c100,edd,1.0,30,75.8206,75.8206,0.0000,0.0000,0,30,0,0.2531,0.4550,30.97,-1.00
campus,5,pmmix_p80_c60,edd,1.0,30,63.9671,58.3513,5.6158,8.7792,1,29,0,0.4343,0.8035,34.47,-1.00
campus,5,pmmix_p80_c100,edd,1.0,30,55.9572,55.9572,0.0000,0.0000,0,30,0,0.2583,0.4617,31.57,-1.00
campus,5,gen400_default,edd,1.0,40,112.5412,112.5412,0.0000,0.0000,0,40,0,0.2540,0.5333,31.10,-1.00
campus,5,pmmix_c60_poolpm,edd,1.0,90,180.4968,163.9740,16.5228,9.1541,11,78,1,0.4278,0.8574,34.74,-1.00
campus,5,pmmix_c100_poolpm,edd,1.0,90,93.8521,93.8521,0.0000,0.0000,0,90,0,0.2545,0.4718,31.18,-1.00
campus,10,pmmix_p20_c60,edd,1.0,30,357.2426,357.2426,0.0000,0.0000,0,30,0,0.0941,0.1768,9.90,-1.00
campus,10,pmmix_p20_c100,edd,1.0,30,357.2426,357.2426,0.0000,0.0000,0,30,0,0.0556,0.1062,9.90,-1.00
campus,10,pmmix_p50_c60,edd,1.0,30,167.7337,167.7337,0.0000,0.0000,0,30,0,0.0928,0.1988,10.47,-1.00
campus,10,pmmix_p50_c100,edd,1.0,30,167.7337,167.7337,0.0000,0.0000,0,30,0,0.0549,0.1152,10.47,-1.00
campus,10,pmmix_p80_c60,edd,1.0,30,41.5367,41.5367,0.0000,0.0000,0,30,0,0.0948,0.1739,10.37,-1.00
campus,10,pmmix_p80_c100,edd,1.0,30,41.5367,41.5367,0.0000,0.0000,0,30,0,0.0560,0.1036,10.37,-1.00
campus,10,gen400_default,edd,1.0,40,69.7856,69.7856,0.0000,0.0000,0,40,0,0.0544,0.1113,8.62,-1.00
campus,10,pmmix_c60_poolpm,edd,1.0,90,188.8377,188.8377,0.0000,0.0000,0,90,0,0.0939,0.1831,10.24,-1.00
campus,10,pmmix_c100_poolpm,edd,1.0,90,188.8377,188.8377,0.0000,0.0000,0,90,0,0.0555,0.1083,10.24,-1.00
pooled_loaded,9+12,pmmix_p20_c60,edd,1.0,60,1047.2410,1046.3139,0.9271,0.0885,7,51,2,0.5249,0.9373,48.85,-1.00
pooled_loaded,9+12,pmmix_p20_c100,edd,1.0,60,1040.1273,1040.1273,0.0000,0.0000,0,60,0,0.3166,0.5636,47.08,-1.00
pooled_loaded,9+12,pmmix_p50_c60,edd,1.0,60,597.3247,596.7136,0.6111,0.1023,3,56,1,0.5300,0.9045,49.70,-1.00
pooled_loaded,9+12,pmmix_p50_c100,edd,1.0,60,595.4417,595.4417,0.0000,0.0000,0,60,0,0.3197,0.5475,48.12,-1.00
pooled_loaded,9+12,pmmix_p80_c60,edd,1.0,60,317.4753,317.6233,-0.1480,-0.0466,1,56,3,0.5360,0.9131,49.92,-1.00
pooled_loaded,9+12,pmmix_p80_c100,edd,1.0,60,316.1826,316.1826,0.0000,0.0000,0,60,0,0.3233,0.5436,48.78,-1.00
pooled_loaded,9+12,gen400_default,edd,1.0,80,714.2440,714.2440,0.0000,0.0000,0,80,0,0.3207,0.5697,46.06,-1.00
pooled_loaded,9+12,pmmix_c60_poolpm,edd,1.0,180,654.0137,653.5503,0.4634,0.0709,11,163,6,0.5303,0.9183,49.49,-1.00
pooled_loaded,9+12,pmmix_c100_poolpm,edd,1.0,180,650.5839,650.5839,0.0000,0.0000,0,180,0,0.3198,0.5515,47.99,-1.00
pooled_all,5+9+10+12,pmmix_c60_poolpm,edd,1.0,360,419.3405,414.9781,4.3624,1.0403,22,331,7,0.3956,0.7193,35.99,-1.00
pooled_all,5+9+10+12,pmmix_c100_poolpm,edd,1.0,360,395.9644,395.9644,0.0000,0.0000,0,360,0,0.2374,0.4208,34.35,-1.00
