source,campus,crew_m,beta,inst_id,pooled_u,worst_u,incomplete,rec_atc,or_atc,pred_atc,rec_port,true_port,pred_port,rec_ga,true_ga,pred_ga,rulesup,rev_frac,or_rate
replay,9,0.25,0.0,c09_replay_400_0000,0.05532533614702339,0.2250691918660274,138,2605.0624000000034,1661.9124000000015,2605.0624000000034,2105.5460000000026,1661.9124000000015,2105.5460000000026,2837.7635999999966,1627.2960000000012,2837.7635999999966,2278.5624000000034,0.2379182156133829,0.046875
replay,9,0.25,0.25,c09_replay_400_0000,0.05532533614702339,0.2250691918660274,138,3161.4920000000043,1894.9584000000032,3131.1256000000035,2484.342000000004,1859.3584000000033,2488.4756000000034,2893.625199999998,1578.566400000001,3366.366799999999,2705.4920000000043,0.241635687732342,0.06153846153846154
replay,9,0.25,0.5,c09_replay_400_0000,0.05532533614702339,0.2250691918660274,138,3429.2216000000026,2106.6880000000033,2617.4552000000017,2637.0716000000025,2017.0880000000034,2617.4552000000017,3308.1548000000003,1706.6292000000012,3393.0924000000023,3042.7216000000026,0.241635687732342,0.046153846153846156
replay,9,0.25,1.0,c09_replay_400_0000,0.05532533614702339,0.2250691918660274,138,2920.8012000000026,2133.4552000000017,2133.4552000000017,2344.3012000000026,2133.4552000000017,2133.4552000000017,3439.7508000000025,1996.5717000000016,1996.5717000000016,2739.0716000000025,0.2379182156133829,0.015625
replay,9,0.25,0.0,c09_replay_400_0001,0.9966517857142857,1.8303571428571428,88,557.3,388.9,557.3,520.5668,373.5,520.5668,520.5668,373.5,520.5668,469.7,0.24358974358974358,0.039473684210526314
replay,9,0.25,0.25,c09_replay_400_0001,0.9966517857142857,1.8303571428571428,88,984.1999999999999,853.8,921.8,984.1999999999999,853.5336,888.5999999999999,991.5335999999999,605.0,865.0,922.5999999999999,0.24838709677419354,0.03896103896103896
replay,9,0.25,0.5,c09_replay_400_0001,0.9966517857142857,1.8303571428571428,88,961.5999999999999,817.2669999999999,920.067,961.5999999999999,805.2669999999999,873.067,968.6671999999999,390.0,598.5332,855.9333999999999,0.25161290322580643,0.05128205128205128
replay,9,0.25,1.0,c09_replay_400_0001,0.9966517857142857,1.8303571428571428,88,1525.8667999999998,1445.6003999999998,1445.6003999999998,1525.8667999999998,1412.8003999999999,1412.8003999999999,1978.0672,757.0,757.0,1491.8667999999998,0.25161290322580643,0.038461538461538464
replay,9,0.25,0.0,c09_replay_400_0002,1.1097041198501874,1.8820224719101124,50,923.0671999999998,614.9336000000001,923.0671999999998,898.2664,582.1335999999999,898.2664,941.7336000000001,558.1344000000001,941.7336000000001,685.7328,0.2485207100591716,0.11904761904761904
replay,9,0.25,0.25,c09_replay_400_0002,1.1097041198501874,1.8820224719101124,50,1001.8003999999999,576.3996,779.0668,977.0663999999999,507.6003999999999,779.0668,1017.6668,405.8,1049.5996,622.6664,0.2485207100591716,0.14285714285714285
replay,9,0.25,0.5,c09_replay_400_0002,1.1097041198501874,1.8820224719101124,50,1145.7331999999997,605.3335999999999,648.0003999999999,1108.5328,556.5999999999999,648.0003999999999,1135.7336,435.0000000000001,915.0,673.866,0.2485207100591716,0.16666666666666666
replay,9,0.25,1.0,c09_replay_400_0002,1.1097041198501874,1.8820224719101124,50,897.5333999999999,499.0664,499.0664,897.5333999999999,481.4668,481.4668,1220.1337999999998,388.5336,388.5336,580.2665999999999,0.2485207100591716,0.08333333333333333
replay,9,0.25,0.0,c09_replay_400_0003,1.1334559523809524,2.3553625,142,1187.1332000000002,927.9344000000001,1187.1332000000002,1172.931,917.3298,1172.931,1329.8673999999999,549.0,1329.8673999999999,1057.0008,0.2515151515151515,0.10843373493975904
replay,9,0.25,0.25,c09_replay_400_0003,1.1334559523809524,2.3553625,142,1532.1328,1160.5336,1601.868,1532.1328,1158.9306,1601.868,1211.8667999999998,585.5336,1522.7008,1309.5336,0.2515151515151515,0.10843373493975904
replay,9,0.25,0.5,c09_replay_400_0003,1.1334559523809524,2.3553625,142,1978.5323999999998,1481.2004,1667.5336,1932.4633999999996,1394.3294,1659.7298,1733.5999999999997,858.8004000000001,1576.1672,1776.5999999999997,0.2515151515151515,0.13253012048192772
replay,9,0.25,1.0,c09_replay_400_0003,1.1334559523809524,2.3553625,142,2099.9287999999997,1463.9292,1463.9292,2024.6602000000003,1418.4593999999997,1418.4593999999997,2110.5962,968.6302000000001,968.6302000000001,1788.9295999999997,0.2515151515151515,0.1686746987951807
replay,9,0.25,0.0,c09_replay_400_0004,2.235661904761905,4.993055555555555,283,1364.3668,100.1336,1364.3668,1042.6336000000001,86.1336,1042.6336000000001,2324.1320000000005,46.0,2324.1320000000005,716.3668,0.24793388429752067,0.15555555555555556
replay,9,0.25,0.25,c09_replay_400_0004,2.235661904761905,4.993055555555555,283,1937.9004,312.6672,1060.4004,1525.4004,288.6672,1060.4004,1476.3658,123.66640000000001,1441.132,1005.1672,0.24793388429752067,0.14444444444444443
replay,9,0.25,0.5,c09_replay_400_0004,2.235661904761905,4.993055555555555,283,2118.434,339.6672,1002.934,1536.934,294.3968,847.934,1496.8994,251.6672,1436.6655999999998,815.934,0.24793388429752067,0.15555555555555556
replay,9,0.25,1.0,c09_replay_400_0004,2.235661904761905,4.993055555555555,283,1374.434,371.934,371.934,937.934,346.934,346.934,1201.8993999999998,265.934,265.934,807.934,0.24793388429752067,0.12222222222222222
replay,9,0.25,0.0,c09_replay_400_0005,1.2319910714285713,2.15,151,2529.9868,1641.9188,2529.9868,2529.9868,1641.9188,2529.9868,1850.7663999999997,993.0,1850.7663999999997,2053.0532000000003,0.23919308357348704,0.14457831325301204
replay,9,0.25,0.25,c09_replay_400_0005,1.2319910714285713,2.15,151,2899.4652000000006,1753.9451999999999,2881.6647999999996,2899.4652000000006,1753.9451999999999,2861.398,1934.9658000000004,981.8671999999999,2106.3005999999996,2318.264,0.2420749279538905,0.21428571428571427
replay,9,0.25,0.5,c09_replay_400_0005,1.2319910714285713,2.15,151,3064.718,1904.0644,2795.652,3064.718,1904.0644,2667.0132,1940.2986000000005,948.9328,1772.2006000000006,2521.2372000000005,0.2420749279538905,0.16666666666666666
replay,9,0.25,1.0,c09_replay_400_0005,1.2319910714285713,2.15,151,2963.0507999999995,2309.0516,2309.0516,2963.0507999999995,2032.3183999999999,2032.3183999999999,2014.2651999999998,981.134,981.134,2751.3176000000003,0.2420749279538905,0.11904761904761904
replay,9,0.25,0.0,c09_replay_400_0006,0.9046267857142857,2.075892857142857,87,704.6004,836.6000000000001,704.6004,704.6004,814.5336,704.6004,497.3332,427.4998,497.3332,687.9336,0.24482758620689654,0.028169014084507043
replay,9,0.25,0.25,c09_replay_400_0006,0.9046267857142857,2.075892857142857,87,808.8671999999999,738.8008,761.2672,808.8671999999999,738.8008,761.2672,547.1995999999999,518.5332,854.5332,808.8671999999999,0.24482758620689654,0.0
replay,9,0.25,0.5,c09_replay_400_0006,0.9046267857142857,2.075892857142857,87,648.3340000000001,578.2676000000001,591.8004000000001,648.3340000000001,578.2676000000001,591.8004000000001,390.83299999999997,358.0,413.2,637.5340000000001,0.24482758620689654,0.014084507042253521
replay,9,0.25,1.0,c09_replay_400_0006,0.9046267857142857,2.075892857142857,87,700.2004,658.7339999999999,658.7339999999999,700.2004,658.7339999999999,658.7339999999999,876.9996000000001,518.4,518.4,664.4668000000001,0.24482758620689654,0.028169014084507043
replay,9,0.25,0.0,c09_replay_400_0007,36.00892857142857,77.375,381,148.0,0.0,148.0,148.0,0.0,148.0,838.0,0.0,838.0,21.0,0.24808184143222506,0.041237113402061855
replay,9,0.25,0.25,c09_replay_400_0007,36.00892857142857,77.375,381,641.0,0.0,611.0,641.0,0.0,611.0,3830.0,0.0,2517.0,382.0,0.24808184143222506,0.10309278350515463
replay,9,0.25,0.5,c09_replay_400_0007,36.00892857142857,77.375,381,1055.0,108.0,1021.0,1055.0,108.0,1021.0,4945.0,108.0,1491.0,877.0,0.24808184143222506,0.09278350515463918
replay,9,0.25,1.0,c09_replay_400_0007,36.00892857142857,77.375,381,3204.0,3122.0,3122.0,3204.0,3122.0,3122.0,5313.0,3122.0,3122.0,3204.0,0.2506393861892583,0.0
replay,9,0.25,0.0,c09_replay_400_0008,0.8986235119047619,3.9869791666666665,318,2328.35,713.35,2328.35,1745.6,713.35,1745.6,3389.9668,711.0,3389.9668,1851.85,0.2514124293785311,0.15730337078651685
replay,9,0.25,0.25,c09_replay_400_0008,0.8986235119047619,3.9869791666666665,318,3133.35,883.6,2157.6,2257.6,883.6,2157.6,4277.2334,872.5,2126.0,2561.1,0.2514124293785311,0.1348314606741573
replay,9,0.25,0.5,c09_replay_400_0008,0.8986235119047619,3.9869791666666665,318,3678.85,1014.35,2508.6,2676.6,1014.35,2508.6,4707.2334,1002.0,2921.5,3052.35,0.2514124293785311,0.1348314606741573
replay,9,0.25,1.0,c09_replay_400_0008,0.8986235119047619,3.9869791666666665,318,2662.85,1617.1,1617.1,1964.1,1617.1,1617.1,4090.5,1611.35,1611.35,2673.85,0.2514124293785311,0.011235955056179775
replay,9,0.25,0.0,c09_replay_400_0009,5.691964285714286,18.0625,368,1344.0664,704.1331999999999,1344.0664,1329.0664,704.1331999999999,1329.0664,1577.4335999999998,656.1335999999999,1577.4335999999998,934.0663999999999,0.2440318302387268,0.08695652173913043
replay,9,0.25,0.25,c09_replay_400_0009,5.691964285714286,18.0625,368,946.8663999999999,806.3999999999999,821.8663999999999,946.8663999999999,806.3999999999999,821.8663999999999,1187.6336,678.1336,1154.4003999999998,801.5331999999999,0.2440318302387268,0.043478260869565216
replay,9,0.25,0.5,c09_replay_400_0009,5.691964285714286,18.0625,368,1080.5996,820.8,838.5995999999999,1080.5996,820.8,838.5995999999999,1509.8336,684.1336,1063.1336,876.9331999999998,0.2440318302387268,0.05434782608695652
replay,9,0.25,1.0,c09_replay_400_0009,5.691964285714286,18.0625,368,1356.6,740.5999999999999,740.5999999999999,1356.6,740.5999999999999,740.5999999999999,1533.4336,667.3335999999999,667.3335999999999,1033.6,0.246684350132626,0.06451612903225806
replay,9,0.25,0.0,c09_replay_400_0010,1.1130420918367347,2.3236607142857144,118,1823.9988,1359.1992,1823.9988,1823.9988,1359.1992,1823.9988,1888.3991999999998,1081.4664,1888.3991999999998,1714.9316,0.23961661341853036,0.06666666666666667
replay,9,0.25,0.25,c09_replay_400_0010,1.1130420918367347,2.3236607142857144,118,2040.6984,1447.0,1976.4996000000003,2040.6984,1447.0,1976.4996000000003,2011.5985999999998,1193.4664,2100.6992,1723.4986,0.24600638977635783,0.09090909090909091
replay,9,0.25,0.5,c09_replay_400_0010,1.1130420918367347,2.3236607142857144,118,2088.9650000000006,1402.6663999999998,1768.2325999999998,2088.9650000000006,1402.6663999999998,1768.2325999999998,1926.1983999999998,1198.6671999999996,1742.3002,1630.8989999999997,0.24358974358974358,0.14473684210526316
replay,9,0.25,1.0,c09_replay_400_0010,1.1130420918367347,2.3236607142857144,118,1784.0982,1281.8990000000003,1281.8990000000003,1784.0982,1281.8990000000003,1281.8990000000003,1902.8310000000001,996.8328,996.8328,1512.6982000000003,0.24600638977635783,0.09090909090909091
replay,9,0.25,0.0,c09_replay_400_0011,6.018790080006952,20.51276733994166,278,4755.0336,162.8,4755.0336,990.35,162.8,990.35,3677.9992000000007,156.0,3677.9992000000007,2713.5335999999998,0.2506393861892583,0.25510204081632654
replay,9,0.25,0.25,c09_replay_400_0011,6.018790080006952,20.51276733994166,278,7888.0336,166.8,851.4,1038.6499999999999,162.8,851.4,8025.131600000004,156.0,1247.2,5334.5336,0.2506393861892583,0.22448979591836735
replay,9,0.25,0.5,c09_replay_400_0011,6.018790080006952,20.51276733994166,278,10450.533599999999,230.15,1366.3999999999999,1560.6499999999999,230.15,1366.3999999999999,10660.831000000004,212.5,1815.3321999999998,7454.0336,0.2506393861892583,0.24489795918367346
replay,9,0.25,1.0,c09_replay_400_0011,6.018790080006952,20.51276733994166,278,8486.533599999999,1764.8999999999999,1764.8999999999999,2032.1499999999999,1764.8999999999999,1764.8999999999999,10360.197400000008,1757.1,1757.1,8486.533599999999,0.2506393861892583,0.0
replay,9,0.25,0.0,c09_replay_400_0012,2.0438988095238093,5.140625,277,1238.0,369.0,1238.0,1238.0,349.33320000000003,1238.0,1766.4996,347.0,1766.4996,557.3332,0.2479108635097493,0.12359550561797752
replay,9,0.25,0.25,c09_replay_400_0012,2.0438988095238093,5.140625,277,1161.9332,265.0,1195.6668,1161.9332,265.0,1195.6668,2640.8664,262.0,1188.5332,621.0664,0.2479108635097493,0.07865168539325842
replay,9,0.25,0.5,c09_replay_400_0012,2.0438988095238093,5.140625,277,966.5996,441.6664,901.3996,966.5996,441.6664,901.3996,2826.6992,438.06640000000004,1231.0664,684.0996,0.2479108635097493,0.0449438202247191
replay,9,0.25,1.0,c09_replay_400_0012,2.0438988095238093,5.140625,277,641.7332,549.8,549.8,641.7332,549.8,549.8,3287.066,523.5328,523.5328,619.8,0.24512534818941503,0.06818181818181818
replay,9,0.25,0.0,c09_replay_400_0013,5.743303571428571,13.1875,276,81.0,0.0,81.0,61.0,0.0,61.0,81.0,0.0,81.0,7.0,0.2454308093994778,0.0425531914893617
replay,9,0.25,0.25,c09_replay_400_0013,5.743303571428571,13.1875,276,776.0,15.999999999999986,1090.0,776.0,15.999999999999986,743.0,776.0,15.999999999999986,1090.0,316.5,0.2506527415143603,0.13541666666666666
replay,9,0.25,0.5,c09_replay_400_0013,5.743303571428571,13.1875,276,1840.0,87.99999999999999,2324.0,1840.0,87.99999999999999,1771.0,1840.0,77.99999999999999,2337.0,1568.5,0.24804177545691905,0.15789473684210525
replay,9,0.25,1.0,c09_replay_400_0013,5.743303571428571,13.1875,276,5507.0,3724.0,3724.0,5492.0,3724.0,3724.0,5507.0,3390.0,3390.0,5423.0,0.2506527415143603,0.052083333333333336
replay,9,0.25,0.0,c09_replay_400_0014,1.2211128547019496,2.01412999317425,109,538.9966000000001,324.8962,538.9966000000001,538.9966000000001,300.063,538.9966000000001,539.2968,201.7296,539.2968,343.7298,0.23121387283236994,0.0375
replay,9,0.25,0.25,c09_replay_400_0014,1.2211128547019496,2.01412999317425,109,1470.4662000000003,572.8664000000001,942.1996000000001,1335.5992,572.8664000000001,855.9332000000002,1395.1004,408.4004,1105.1336,997.6658,0.23699421965317918,0.13414634146341464
replay,9,0.25,0.5,c09_replay_400_0014,1.2211128547019496,2.01412999317425,109,1564.0662000000002,676.9331999999999,853.9992000000001,1351.5992,642.9331999999999,785.5328,1447.1004,446.7336,998.5336,995.866,0.23699421965317918,0.2073170731707317
replay,9,0.25,1.0,c09_replay_400_0014,1.2211128547019496,2.01412999317425,109,2086.2660000000005,936.9328,936.9328,1722.9324000000001,837.9992000000001,837.9992000000001,2036.2,716.1332,716.1332,1546.7324000000003,0.2398843930635838,0.14457831325301204
replay,9,0.25,0.0,c09_replay_400_0015,1.8157092857142858,5.225,142,1702.9257999999995,1086.859,1702.9257999999995,1702.9257999999995,1086.859,1702.9257999999995,1776.8889999999997,807.0592,1776.8889999999997,1346.1925999999999,0.2398843930635838,0.1686746987951807
replay,9,0.25,0.25,c09_replay_400_0015,1.8157092857142858,5.225,142,2900.3184,1948.6145999999999,2645.0516000000002,2796.0508000000004,1948.6145999999999,2645.0516000000002,4759.6552,1622.8516,3219.1016999999993,2489.8516,0.2398843930635838,0.18072289156626506
replay,9,0.25,0.5,c09_replay_400_0015,1.8157092857142858,5.225,142,3493.1188,2425.1848,3224.5184,3119.2508000000003,2425.1848,3214.3848000000003,7485.7292,2078.1839999999997,2743.1187999999993,3155.652,0.2514450867052023,0.19540229885057472
replay,9,0.25,1.0,c09_replay_400_0015,1.8157092857142858,5.225,142,4816.252,4026.7848,4026.7848,4219.7844000000005,4026.7848,4026.7848,10681.910599999996,3717.9183999999996,3717.9183999999996,4764.9184000000005,0.2514450867052023,0.08045977011494253
replay,9,0.25,0.0,c09_replay_400_0016,0.9883609693877551,1.9092261904761905,120,1361.6668000000002,514.2664,1361.6668000000002,1116.8668,504.4,1116.8668,950.3996000000001,339.5331999999999,950.3996000000001,970.3332,0.23278688524590163,0.07042253521126761
replay,9,0.25,0.25,c09_replay_400_0016,0.9883609693877551,1.9092261904761905,120,1817.8008000000002,594.1336,1885.6672,1650.6007999999997,594.1336,1279.1006,1478.4672,429.99999999999994,1561.2007999999998,1315.534,0.24836601307189543,0.13157894736842105
replay,9,0.25,0.5,c09_replay_400_0016,0.9883609693877551,1.9092261904761905,120,2340.6672,916.1336,2081.8004,2186.4008,916.1336,1805.7336,1871.6668000000004,685.4671999999999,1688.3312,1486.6008000000002,0.24509803921568626,0.17333333333333334
replay,9,0.25,1.0,c09_replay_400_0016,0.9883609693877551,1.9092261904761905,120,2440.4008,1208.6676000000002,1208.6676000000002,2350.7344000000003,1208.6676000000002,1208.6676000000002,2603.5336,1105.2663999999997,1105.2663999999997,1701.0008000000005,0.24836601307189543,0.18421052631578946
replay,9,0.25,0.0,c09_replay_400_0017,1.306733630952381,2.8776041666666665,124,1475.3678,1253.6664,1475.3678,1475.3678,1176.2667999999999,1475.3678,3509.8336,1127.0,3509.8336,1334.301,0.24605678233438485,0.038461538461538464
replay,9,0.25,0.25,c09_replay_400_0017,1.306733630952381,2.8776041666666665,124,4110.8338,3294.5328,4053.5342,4110.8338,3294.5328,4053.5342,11643.3328,2811.2336,3877.7672000000007,3987.401,0.24921135646687698,0.11392405063291139
replay,9,0.25,0.5,c09_replay_400_0017,1.306733630952381,2.8776041666666665,124,5103.067,4988.3664,4917.2338,5103.067,4988.3664,4917.2338,14650.6996,4268.6668,4665.667200000001,5039.4672,0.25236593059936907,0.0625
replay,9,0.25,1.0,c09_replay_400_0017,1.306733630952381,2.8776041666666665,124,5646.266799999999,5225.6004,5225.6004,5646.266799999999,5225.6004,5225.6004,15323.866000000002,5032.5332,5032.5332,5373.134,0.2507836990595611,0.1
replay,9,0.25,0.0,c09_replay_400_0018,0.7042410714285714,1.7630208333333333,30,73.86599999999993,168.66559999999998,73.86599999999993,73.86599999999993,51.53239999999988,73.86599999999993,187.60000000000002,10.0,187.60000000000002,78.33279999999996,0.23577235772357724,0.017241379310344827
replay,9,0.25,0.25,c09_replay_400_0018,0.7042410714285714,1.7630208333333333,30,467.7328,289.5992,616.5323999999999,433.46599999999995,260.7324,464.9328,608.3002,217.99999999999997,1136.0,426.7328,0.24390243902439024,0.03333333333333333
replay,9,0.25,0.5,c09_replay_400_0018,0.7042410714285714,1.7630208333333333,30,664.266,472.99959999999993,975.1324,627.1991999999999,472.99959999999993,687.9328,799.4336,384.0,704.0664,494.83239999999995,0.23170731707317074,0.05263157894736842
replay,9,0.25,1.0,c09_replay_400_0018,0.7042410714285714,1.7630208333333333,30,719.8664,535.0664,535.0664,456.7332,470.39919999999995,470.39919999999995,1387.8672,377.46639999999996,377.46639999999996,540.5996,0.24390243902439024,0.1
replay,9,0.25,0.0,c09_replay_400_0019,1.1914210128495843,2.248677248677249,120,724.3992000000001,377.7992000000001,724.3992000000001,724.3992000000001,376.0660000000001,724.3992000000001,1074.9658,357.0,1074.9658,427.7992000000001,0.24464831804281345,0.125
replay,9,0.25,0.25,c09_replay_400_0019,1.1914210128495843,2.248677248677249,120,1229.9324000000001,943.9992000000001,1061.9992000000002,1072.866,889.9992000000001,1061.9992000000002,1331.2326,864.0,1347.2664,1030.9324000000001,0.24464831804281345,0.1
replay,9,0.25,0.5,c09_replay_400_0019,1.1914210128495843,2.248677248677249,120,1564.5987999999998,1080.2656000000002,1244.6655999999998,1298.1324,1039.5984,1244.6655999999998,1650.1323999999997,956.0,1627.5331999999999,1124.6655999999998,0.24464831804281345,0.1
replay,9,0.25,1.0,c09_replay_400_0019,1.1914210128495843,2.248677248677249,120,1541.5988,1050.9320000000002,1050.9320000000002,1200.1646000000005,982.7992000000002,982.7992000000002,1401.1984000000002,895.9992,895.9992,1260.532,0.24464831804281345,0.15
replay,9,0.25,0.0,c09_replay_400_0020,1.1125619182247075,3.8860127314920643,88,1640.4332000000002,1543.5667,1640.4332000000002,1640.4332000000002,1543.5667,1640.4332000000002,1075.2324,532.0334,1075.2324,1636.5668,0.23684210526315788,0.027777777777777776
replay,9,0.25,0.25,c09_replay_400_0020,1.1125619182247075,3.8860127314920643,88,1657.6164,1557.2836,1649.8168,1638.3000000000002,1557.2836,1649.8168,756.7668000000001,545.3331000000001,611.8334000000001,1645.55,0.23432343234323433,0.028169014084507043
replay,9,0.25,0.5,c09_replay_400_0020,1.1125619182247075,3.8860127314920643,88,1832.8832,1682.4168,1754.0836000000002,1832.8832,1682.4168,1754.0836000000002,1016.4335999999998,707.7,937.5668000000001,1768.3500000000001,0.23355263157894737,0.07042253521126761
replay,9,0.25,1.0,c09_replay_400_0020,1.1125619182247075,3.8860127314920643,88,1263.746,1067.346,1067.346,1263.746,1067.346,1067.346,997.2296000000001,415.3963000000001,415.3963000000001,1197.146,0.23355263157894737,0.056338028169014086
replay,9,0.25,0.0,c09_replay_400_0021,2.365917820458565,4.045706508173482,209,926.7331999999999,144.39999999999998,926.7331999999999,804.4,144.39999999999998,804.4,1222.8668,118.26639999999999,1222.8668,583.7331999999999,0.23421052631578948,0.1348314606741573
replay,9,0.25,0.25,c09_replay_400_0021,2.365917820458565,4.045706508173482,209,1322.1996,246.8,847.7995999999999,737.4664000000001,246.8,847.7995999999999,1498.0,208.6664,1249.2012000000002,713.5996000000001,0.23157894736842105,0.18181818181818182
replay,9,0.25,0.5,c09_replay_400_0021,2.365917820458565,4.045706508173482,209,1658.9328,252.8,1626.3328000000001,728.4664000000001,252.8,793.4664000000001,2057.7331999999997,238.8,2009.5331999999999,1102.3328000000001,0.2394736842105263,0.2087912087912088
replay,9,0.25,1.0,c09_replay_400_0021,2.365917820458565,4.045706508173482,209,3914.3332000000005,1012.4663999999999,1012.4663999999999,1308.0664000000002,1012.4663999999999,1012.4663999999999,4397.999999999999,965.1327999999999,965.1327999999999,3867.7332,0.25,0.042105263157894736
replay,9,0.25,0.0,c09_replay_400_0022,1.3195086242186103,3.9087314445948147,112,3643.8352000000004,3043.0136000000007,3643.8352000000004,3540.5052000000005,3043.0136000000007,3540.5052000000005,3246.7099,2261.3258,3246.7099,3370.4908000000005,0.2484472049689441,0.1
replay,9,0.25,0.25,c09_replay_400_0022,1.3195086242186103,3.9087314445948147,112,5121.368800000001,4585.0968,5024.2080000000005,5001.8756,4585.0968,4908.809200000001,3621.0464999999995,2672.4119,3463.7298,4730.363600000001,0.2453416149068323,0.06329113924050633
replay,9,0.25,0.5,c09_replay_400_0022,1.3195086242186103,3.9087314445948147,112,5632.028,5036.5452000000005,5344.5376000000015,5448.4052,5036.5452000000005,5344.5376000000015,3942.2128999999995,2747.7139999999995,3296.0458999999996,5128.924400000001,0.2484472049689441,0.05
replay,9,0.25,1.0,c09_replay_400_0022,1.3195086242186103,3.9087314445948147,112,6874.350399999999,5917.412000000001,5917.412000000001,6118.278800000001,5917.412000000001,5917.412000000001,4427.396500000001,2927.7656999999995,2927.7656999999995,5928.095200000002,0.2484472049689441,0.125
replay,9,0.25,0.0,c09_replay_400_0023,1.4310825892857142,2.755859375,133,1820.8000000000002,260.2,1820.8000000000002,1740.4668000000001,260.2,1740.4668000000001,2340.2331999999997,209.46680000000003,2340.2331999999997,792.2668,0.2430939226519337,0.14772727272727273
replay,9,0.25,0.25,c09_replay_400_0023,1.4310825892857142,2.755859375,133,1804.0,649.2,1678.2664,1804.0,649.2,1626.4,1832.1342,638.6004,1748.7664,1300.0,0.24585635359116023,0.12359550561797752
replay,9,0.25,0.5,c09_replay_400_0023,1.4310825892857142,2.755859375,133,2069.0,738.0,1099.5332,2069.0,738.0,1099.5332,2019.6009999999999,725.0,1295.9998,1433.0,0.24585635359116023,0.12359550561797752
replay,9,0.25,1.0,c09_replay_400_0023,1.4310825892857142,2.755859375,133,2787.4,1307.4,1307.4,2750.6000000000004,1307.4,1307.4,2722.268,1255.4,1255.4,2300.3999999999996,0.24585635359116023,0.10112359550561797
replay,9,0.35,0.0,c09_replay_400_0000,0.043030817003240414,0.2250691918660274,111,2007.6960000000026,1647.6960000000008,2007.6960000000026,1822.6960000000026,1647.6960000000008,1822.6960000000026,1935.0960000000014,1627.2960000000012,1935.0960000000014,1798.6960000000026,0.23880597014925373,0.046875
replay,9,0.35,0.25,c09_replay_400_0000,0.043030817003240414,0.2250691918660274,111,2345.6256000000035,1851.6256000000017,2365.4920000000043,2071.4920000000043,1851.6256000000017,2061.6256000000035,2136.8256000000015,1578.566400000001,2465.7956000000013,2075.1256000000035,0.23880597014925373,0.046875
replay,9,0.35,0.5,c09_replay_400_0000,0.043030817003240414,0.2250691918660274,111,2481.355200000002,1998.3552000000018,2181.355200000002,2201.2216000000026,1998.3552000000018,2181.355200000002,2280.5552000000016,1696.2960000000012,2041.7626000000014,2210.855200000002,0.23880597014925373,0.046875
replay,9,0.35,1.0,c09_replay_400_0000,0.043030817003240414,0.2250691918660274,111,2183.584800000002,1953.3552000000018,1953.3552000000018,2144.9512000000027,1953.3552000000018,1953.3552000000018,2107.7848000000017,1662.2960000000012,1662.2960000000012,2001.8552000000018,0.23880597014925373,0.015625
replay,9,0.35,0.0,c09_replay_400_0001,0.7751736111111112,1.8303571428571428,58,510.9,388.9,510.9,502.9,373.5,502.9,502.9,373.5,502.9,444.9,0.24334600760456274,0.015625
replay,9,0.35,0.25,c09_replay_400_0001,0.7751736111111112,1.8303571428571428,58,937.8,853.8,877.8,920.6668,851.8,867.8,973.8667999999999,605.0,761.9,937.8,0.2509505703422053,0.0
replay,9,0.35,0.5,c09_replay_400_0001,0.7751736111111112,1.8303571428571428,58,908.8,803.1333999999999,875.1333999999999,902.2672,799.1333999999999,843.7334,944.8667999999999,390.0,485.8,908.8,0.2509505703422053,0.0
replay,9,0.35,1.0,c09_replay_400_0001,0.7751736111111112,1.8303571428571428,58,1492.6668,1416.6668,1416.6668,1468.2672,1402.6668,1402.6668,1971.9335999999998,757.0,757.0,1492.6668,0.2509505703422053,0.015151515151515152
replay,9,0.35,0.0,c09_replay_400_0002,0.8631032043279235,1.3985468164794008,31,551.7336,540.0008,551.7336,534.3340000000001,451.86639999999994,534.3340000000001,554.4004000000001,432.0000000000001,554.4004000000001,548.8000000000002,0.2507936507936508,0.06329113924050633
replay,9,0.35,0.25,c09_replay_400_0002,0.8631032043279235,1.3985468164794008,31,507.9336,415.6672,399.7336,485.40040000000005,369.7996,385.06640000000004,548.0668000000001,321.4,498.8,484.7336,0.2507936507936508,0.0759493670886076
replay,9,0.35,0.5,c09_replay_400_0002,0.8631032043279235,1.3985468164794008,31,567.0,451.2672,452.0004,508.06680000000006,414.06719999999996,438.1336,566.0668000000001,373.0,414.0,541.8000000000001,0.2507936507936508,0.10126582278481013
replay,9,0.35,1.0,c09_replay_400_0002,0.8631032043279235,1.3985468164794008,31,516.0,385.06720000000007,385.06720000000007,481.53360000000004,372.80000000000007,372.80000000000007,555.6000000000001,330.0,330.0,498.8,0.2507936507936508,0.0379746835443038
replay,9,0.35,0.0,c09_replay_400_0003,0.8815768518518519,2.3553625,87,932.6679999999999,901.5328,932.6679999999999,932.6679999999999,901.5328,932.6679999999999,722.934,549.0,722.934,937.2012,0.25,0.04
replay,9,0.35,0.25,c09_replay_400_0003,0.8815768518518519,2.3553625,87,1182.5339999999999,1131.8,1193.734,1182.5339999999999,1131.8,1193.734,683.2008,559.0,1027.0668,1143.0004,0.25,0.06666666666666667
replay,9,0.35,0.5,c09_replay_400_0003,0.8815768518518519,2.3553625,87,1425.5336,1310.1324,1374.7328,1425.5336,1310.1324,1374.7328,1005.4671999999999,800.9336000000001,1258.8004,1371.6004,0.25,0.05333333333333334
replay,9,0.35,1.0,c09_replay_400_0003,0.8815768518518519,2.3553625,87,1339.4632,1241.2628,1241.2628,1315.9922,1201.3922,1201.3922,1166.697,782.3634000000001,782.3634000000001,1263.5964,0.25,0.06666666666666667
replay,9,0.35,0.0,c09_replay_400_0004,1.7388481481481481,4.830516666666667,271,548.1336,56.1336,548.1336,522.4004,56.1336,522.4004,926.7332,52.0,926.7332,238.1336,0.24861878453038674,0.07777777777777778
replay,9,0.35,0.25,c09_replay_400_0004,1.7388481481481481,4.830516666666667,271,1066.6671999999999,152.6672,421.4004,631.4004,152.6672,421.4004,797.6,116.0,1238.966,391.6672,0.24861878453038674,0.1111111111111111
replay,9,0.35,0.5,c09_replay_400_0004,1.7388481481481481,4.830516666666667,271,1143.934,150.6672,344.934,640.934,150.6672,306.934,807.8668,116.0,532.2,527.6672,0.24861878453038674,0.12222222222222222
replay,9,0.35,1.0,c09_replay_400_0004,1.7388481481481481,4.830516666666667,271,595.934,132.6672,132.6672,248.93400000000003,132.6672,132.6672,238.73360000000002,119.0,119.0,345.934,0.24585635359116023,0.10112359550561797
replay,9,0.35,0.0,c09_replay_400_0005,0.9582152777777777,2.022875,96,1804.2523999999999,1622.4524,1804.2523999999999,1804.2523999999999,1622.4524,1804.2523999999999,1231.6008000000002,954.6,1231.6008000000002,1740.7192,0.24516129032258063,0.09210526315789473
replay,9,0.35,0.25,c09_replay_400_0005,0.9582152777777777,2.022875,96,1929.4643999999998,1693.2779999999998,1941.6639999999998,1929.4643999999998,1681.9847999999997,1941.6639999999998,1245.6008000000002,898.0,1200.6612000000002,1813.0772000000002,0.24516129032258063,0.15789473684210525
replay,9,0.35,0.5,c09_replay_400_0005,0.9582152777777777,2.022875,96,2071.1172,1795.4644,1936.1167999999996,2071.1172,1768.1707999999999,1936.1167999999996,1241.4672,872.5328,1091.2008,1972.7303999999997,0.24516129032258063,0.15789473684210525
replay,9,0.35,1.0,c09_replay_400_0005,0.9582152777777777,2.022875,96,1873.3167999999998,1711.6496,1711.6496,1873.3167999999998,1661.6644,1661.6644,1232.4664000000002,849.2664,849.2664,1812.1832,0.24919093851132687,0.15584415584415584
replay,9,0.35,0.0,c09_replay_400_0006,0.7035986111111111,2.075892857142857,84,644.1336,809.0663999999999,644.1336,644.1336,657.4004,644.1336,601.0,408.96659999999997,601.0,644.1336,0.24180327868852458,0.0
replay,9,0.35,0.25,c09_replay_400_0006,0.7035986111111111,2.075892857142857,84,744.6672000000001,721.1336000000001,742.0,744.6672000000001,721.1336000000001,742.0,550.0,500.0,652.5336,744.6672000000001,0.24180327868852458,0.0
replay,9,0.35,0.5,c09_replay_400_0006,0.7035986111111111,2.075892857142857,84,586.7339999999999,563.2004000000002,584.0668000000001,586.7339999999999,563.2004000000002,584.0668000000001,408.0,358.0,408.2668,584.0668000000001,0.24180327868852458,0.01694915254237288
replay,9,0.35,1.0,c09_replay_400_0006,0.7035986111111111,2.075892857142857,84,608.7339999999999,611.0004000000001,611.0004000000001,608.7339999999999,611.0004000000001,611.0004000000001,728.3335999999999,502.0,502.0,606.0668000000001,0.2459016393442623,0.03333333333333333
replay,9,0.35,0.0,c09_replay_400_0007,28.006944444444443,51.583333333333336,370,59.0,0.0,59.0,59.0,0.0,59.0,320.0,0.0,320.0,0.0,0.24808184143222506,0.030927835051546393
replay,9,0.35,0.25,c09_replay_400_0007,28.006944444444443,51.583333333333336,370,201.0,0.0,199.0,201.0,0.0,199.0,1565.0,0.0,955.0,108.0,0.24808184143222506,0.07216494845360824
replay,9,0.35,0.5,c09_replay_400_0007,28.006944444444443,51.583333333333336,370,339.0,0.0,337.0,339.0,0.0,337.0,1941.0,0.0,572.0,241.0,0.24808184143222506,0.061855670103092786
replay,9,0.35,1.0,c09_replay_400_0007,28.006944444444443,51.583333333333336,370,1197.0,1177.0,1177.0,1197.0,1177.0,1177.0,1899.0,1177.0,1177.0,1197.0,0.2506393861892583,0.0
replay,9,0.35,0.0,c09_replay_400_0008,0.6989293981481481,2.657986111111111,318,1103.5,598.0,1103.5,1029.0,598.0,1029.0,2096.0,598.0,2096.0,756.0,0.2514124293785311,0.056179775280898875
replay,9,0.35,0.25,c09_replay_400_0008,0.6989293981481481,2.657986111111111,318,1429.0,610.0,1208.0,1249.0,602.0,1208.0,2590.0,602.0,1811.5,918.0,0.2514124293785311,0.07865168539325842
replay,9,0.35,0.5,c09_replay_400_0008,0.6989293981481481,2.657986111111111,318,1613.5,610.0,1315.5,1385.5,602.0,1315.5,2977.0,602.0,1840.0,1061.5,0.2514124293785311,0.0898876404494382
replay,9,0.35,1.0,c09_replay_400_0008,0.6989293981481481,2.657986111111111,318,862.0,658.0,658.0,808.0,658.0,658.0,2056.5,657.5,657.5,862.0,0.2514124293785311,0.0
replay,9,0.35,0.0,c09_replay_400_0009,4.427083333333333,12.041666666666666,368,810.1999999999999,568.8,810.1999999999999,800.8,568.8,800.8,876.8334,560.8,876.8334,662.1999999999999,0.246684350132626,0.07526881720430108
replay,9,0.35,0.25,c09_replay_400_0009,4.427083333333333,12.041666666666666,368,661.1999999999999,596.8,597.1999999999999,661.1999999999999,596.8,597.1999999999999,707.5,596.8,673.4,597.1999999999999,0.246684350132626,0.021505376344086023
replay,9,0.35,0.5,c09_replay_400_0009,4.427083333333333,12.041666666666666,368,716.1999999999999,606.8,597.1999999999999,716.1999999999999,596.8,597.1999999999999,836.8666000000001,596.8,627.5332,598.1999999999999,0.246684350132626,0.03225806451612903
replay,9,0.35,1.0,c09_replay_400_0009,4.427083333333333,12.041666666666666,368,909.8,596.8,596.8,730.1330000000003,596.8,596.8,730.1330000000003,596.8,596.8,691.8,0.246684350132626,0.06451612903225806
replay,9,0.35,0.0,c09_replay_400_0010,0.8656994047619048,2.3236607142857144,90,1460.8656,1138.5328000000002,1460.8656,1424.8004,1123.3344000000002,1424.8004,1381.9992,986.0,1381.9992,1370.3324000000002,0.24521072796934865,0.03125
replay,9,0.35,0.25,c09_replay_400_0010,0.8656994047619048,2.3236607142857144,90,1652.6316000000004,1177.3328,1490.6323999999997,1652.6316000000004,1177.3328,1490.6323999999997,1635.8655999999999,1021.2,2049.6000000000004,1517.2312,0.24615384615384617,0.09375
replay,9,0.35,0.5,c09_replay_400_0010,0.8656994047619048,2.3236607142857144,90,1597.0313999999998,1050.2664000000002,1480.4989999999998,1597.0313999999998,1050.2664000000002,1480.4989999999998,1697.4653999999998,951.2,1434.8998000000001,1484.6982,0.24615384615384617,0.109375
replay,9,0.35,1.0,c09_replay_400_0010,0.8656994047619048,2.3236607142857144,90,1150.6313999999998,974.8990000000002,974.8990000000002,1150.6313999999998,974.8990000000002,974.8990000000002,2043.4649999999997,744.0336000000001,744.0336000000001,1055.1642000000002,0.24615384615384617,0.0625
replay,9,0.35,0.0,c09_replay_400_0011,4.681281173338741,13.675178226627773,249,1976.0336,156.8,1976.0336,485.8,156.8,485.8,674.8668,156.0,674.8668,654.5336,0.2506393861892583,0.15306122448979592
replay,9,0.35,0.25,c09_replay_400_0011,4.681281173338741,13.675178226627773,249,3142.5335999999998,170.8,372.8,482.8,162.8,372.8,1580.5332,156.0,1206.0664,1147.5336,0.2506393861892583,0.20408163265306123
replay,9,0.35,0.5,c09_replay_400_0011,4.681281173338741,13.675178226627773,249,4330.0336,176.8,614.8,718.8,162.8,614.8,2412.9328,156.0,874.1328,2643.5335999999998,0.2506393861892583,0.24489795918367346
replay,9,0.35,1.0,c09_replay_400_0011,4.681281173338741,13.675178226627773,249,1609.0336,826.8,826.8,958.8,826.8,826.8,2984.6000000000004,802.0,802.0,1609.0336,0.2506393861892583,0.0
replay,9,0.35,0.0,c09_replay_400_0012,1.5896990740740742,3.4270833333333335,269,670.1336,353.0,670.1336,670.1336,351.1336,670.1336,675.0,347.0,675.0,422.5,0.2457627118644068,0.04597701149425287
replay,9,0.35,0.25,c09_replay_400_0012,1.5896990740740742,3.4270833333333335,269,672.1336,260.0,672.0,672.1336,252.1336,559.5,692.0,248.0,707.4331999999999,352.5,0.24858757062146894,0.045454545454545456
replay,9,0.35,0.5,c09_replay_400_0012,1.5896990740740742,3.4270833333333335,269,564.8,351.6664,564.6664000000001,564.8,351.6664,564.6664000000001,553.0,337.0,1255.6336000000001,380.6664,0.24507042253521127,0.022988505747126436
replay,9,0.35,1.0,c09_replay_400_0012,1.5896990740740742,3.4270833333333335,269,377.9336,400.8,400.8,377.9336,396.8,396.8,393.66679999999997,340.0,340.0,363.9336,0.24788732394366197,0.03409090909090909
replay,9,0.35,0.0,c09_replay_400_0013,4.467013888888889,9.890625,255,18.0,0.0,18.0,10.0,0.0,10.0,283.0,0.0,283.0,0.0,0.24804177545691905,0.010526315789473684
replay,9,0.35,0.25,c09_replay_400_0013,4.467013888888889,9.890625,255,261.5,15.999999999999986,508.0,261.5,15.999999999999986,235.5,697.0,15.999999999999986,767.0,119.99999999999999,0.2506527415143603,0.10416666666666667
replay,9,0.35,0.5,c09_replay_400_0013,4.467013888888889,9.890625,255,832.5,15.999999999999986,1287.0,828.0,15.999999999999986,773.0,1568.0,15.999999999999986,921.0,649.0,0.24804177545691905,0.15789473684210525
replay,9,0.35,1.0,c09_replay_400_0013,4.467013888888889,9.890625,255,3004.0,1857.0,1857.0,2992.0,1857.0,1857.0,3863.0,1668.0,1668.0,2992.0,0.2506527415143603,0.010416666666666666
replay,9,0.35,0.0,c09_replay_400_0014,0.9497544425459608,1.6954484743789477,81,365.8962,246.3626,365.8962,269.629,215.36260000000001,269.629,435.19720000000007,201.7296,435.19720000000007,261.36260000000004,0.234375,0.05333333333333334
replay,9,0.35,0.25,c09_replay_400_0014,0.9497544425459608,1.6954484743789477,81,871.9996000000001,511.86600000000004,547.3328,666.2660000000001,492.666,519.066,1046.4008,397.0,1253.8667999999998,699.7328000000001,0.24921135646687698,0.08860759493670886
replay,9,0.35,0.5,c09_replay_400_0014,0.9497544425459608,1.6954484743789477,81,875.9996000000001,533.866,550.1996,672.2660000000001,511.99960000000004,516.9323999999999,1054.4008,397.0,809.7332,612.2660000000002,0.24605678233438485,0.11538461538461539
replay,9,0.35,1.0,c09_replay_400_0014,0.9497544425459608,1.6954484743789477,81,1079.2,668.1996000000001,668.1996000000001,703.466,662.3324,662.3324,1394.0007999999998,624.0,624.0,843.1996000000001,0.24605678233438485,0.11538461538461539
replay,9,0.35,0.0,c09_replay_400_0015,1.4122183333333334,3.01875,93,1123.3932,980.9920000000001,1123.3932,1123.3932,958.6587999999999,1123.3932,972.7596,777.4592,972.7596,1048.1260000000002,0.24096385542168675,0.0625
replay,9,0.35,0.25,c09_replay_400_0015,1.4122183333333334,3.01875,93,2040.7856,1787.0516,2023.3184,2040.7856,1787.0516,2023.3184,2254.352,1505.1184,2167.7847999999994,1803.0516,0.2469879518072289,0.10975609756097561
replay,9,0.35,0.5,c09_replay_400_0015,1.4122183333333334,3.01875,93,2541.5191999999997,2153.7856,2468.7848,2358.7188,2153.7856,2379.1852,2785.0519999999997,1776.5848,2259.7183999999997,2420.0524,0.25,0.10843373493975904
replay,9,0.35,1.0,c09_replay_400_0015,1.4122183333333334,3.01875,93,3287.5856,2584.1848,2584.1848,2725.3188,2584.1848,2584.1848,3627.052,2210.1184000000003,2210.1184000000003,2872.852,0.25,0.08433734939759036
replay,9,0.35,0.0,c09_replay_400_0016,0.7687251984126984,1.4319196428571428,90,418.1336,380.4000000000001,418.1336,385.9999999999999,380.2671999999999,385.9999999999999,446.80000000000007,327.99999999999994,446.80000000000007,436.6672,0.23443223443223443,0.046875
replay,9,0.35,0.25,c09_replay_400_0016,0.7687251984126984,1.4319196428571428,90,670.2675999999999,484.8007999999999,696.2679999999998,619.8671999999999,484.8007999999999,696.2679999999998,705.2012000000001,429.99999999999994,942.7323999999998,551.2003999999998,0.2490842490842491,0.07352941176470588
replay,9,0.35,0.5,c09_replay_400_0016,0.7687251984126984,1.4319196428571428,90,876.6012,569.0008000000001,635.7343999999999,825.6676,544.0008000000001,635.7343999999999,915.2680000000001,498.99999999999994,898.7987999999998,728.4680000000001,0.2490842490842491,0.10294117647058823
replay,9,0.35,1.0,c09_replay_400_0016,0.7687251984126984,1.4319196428571428,90,1107.002,797.0004000000004,797.0004000000004,1057.1352,797.0004000000004,797.0004000000004,1117.868,738.3340000000002,738.3340000000002,989.6684,0.2490842490842491,0.08823529411764706
replay,9,0.35,0.0,c09_replay_400_0017,1.0163483796296295,1.9184027777777777,94,1176.8004,1144.2003999999997,1176.8004,1176.8004,1144.2003999999997,1176.8004,1381.0664,1127.0,1381.0664,1169.8004,0.24363636363636362,0.014925373134328358
replay,9,0.35,0.25,c09_replay_400_0017,1.0163483796296295,1.9184027777777777,94,2520.8332,1916.6332,2505.634,2520.8332,1916.6332,2505.634,3361.1327999999994,1739.5,2301.9,2478.3332,0.2509090909090909,0.10144927536231885
replay,9,0.35,0.5,c09_replay_400_0017,1.0163483796296295,1.9184027777777777,94,2822.6664,2769.0,2780.8672,2822.6664,2769.0,2780.8672,4225.599999999999,2436.3668,2792.6336,2792.6664,0.2509090909090909,0.028985507246376812
replay,9,0.35,1.0,c09_replay_400_0017,1.0163483796296295,1.9184027777777777,94,3165.6664,3043.8672,3043.8672,3165.6664,3043.8672,3043.8672,4574.0664,3004.8668,3004.8668,3079.4,0.25,0.057971014492753624
replay,9,0.35,0.0,c09_replay_400_0018,0.5477430555555556,1.322265625,28,57.33279999999996,34.06599999999992,57.33279999999996,52.93239999999997,29.99959999999993,52.93239999999997,47.59999999999991,10.0,47.59999999999991,59.33279999999996,0.24074074074074073,0.019230769230769232
replay,9,0.35,0.25,c09_replay_400_0018,0.5477430555555556,1.322265625,28,278.466,260.79920000000004,266.79920000000004,256.66560000000004,259.0656,254.26560000000003,389.50059999999996,217.99999999999997,299.53319999999997,280.466,0.24074074074074073,0.019230769230769232
replay,9,0.35,0.5,c09_replay_400_0018,0.5477430555555556,1.322265625,28,452.99960000000004,411.9328,441.532,425.8652000000001,405.33240000000006,421.19880000000006,565.6339999999999,384.0,387.6,443.3996000000001,0.25229357798165136,0.01818181818181818
replay,9,0.35,1.0,c09_replay_400_0018,0.5477430555555556,1.322265625,28,439.00000000000006,404.0660000000001,404.0660000000001,387.7988,393.3320000000001,393.3320000000001,1253.3672,356.0,356.0,414.3324000000001,0.25229357798165136,0.05454545454545454
replay,9,0.35,0.0,c09_replay_400_0019,0.9266607877718989,1.7989417989417988,73,399.79960000000005,375.8664000000001,399.79960000000005,399.79960000000005,373.8664000000001,399.79960000000005,680.2668,357.0,680.2668,394.1328000000001,0.24161073825503357,0.09722222222222222
replay,9,0.35,0.25,c09_replay_400_0019,0.9266607877718989,1.7989417989417988,73,937.1992000000001,923.4664000000001,958.2664000000001,915.4664000000001,870.9328000000002,912.1328000000001,1082.4668,846.0,1402.2664,934.9328000000002,0.22895622895622897,0.029411764705882353
replay,9,0.35,0.5,c09_replay_400_0019,0.9266607877718989,1.7989417989417988,73,1106.5320000000002,1026.9320000000002,1080.5992,1032.7992000000002,1017.0656000000001,1049.9992,1299.7995999999998,938.0,979.0664,1036.6656000000003,0.2356902356902357,0.04285714285714286
replay,9,0.35,1.0,c09_replay_400_0019,0.9266607877718989,1.7989417989417988,73,969.8648000000002,964.9320000000001,964.9320000000001,944.6656000000002,941.3320000000001,941.3320000000001,983.5992,872.5328,872.5328,969.8648000000002,0.23232323232323232,0.014492753623188406
replay,9,0.35,0.0,c09_replay_400_0020,0.8653259363969946,1.9430063657460321,48,563.0668000000001,545.2668000000001,563.0668000000001,544.3332,544.3332,544.3332,826.1664000000001,510.00000000000006,826.1664000000001,563.0668000000001,0.22545454545454546,0.0
replay,9,0.35,0.25,c09_replay_400_0020,0.8653259363969946,1.9430063657460321,48,626.2,588.4668000000001,595.2668000000001,622.4664000000001,588.4668000000001,595.2668000000001,855.8000000000002,517.0000000000001,632.6000000000001,624.2,0.23272727272727273,0.015625
replay,9,0.35,0.5,c09_replay_400_0020,0.8653259363969946,1.9430063657460321,48,759.3332,692.2664000000001,703.7996,755.5996000000001,692.2664000000001,702.7332000000001,1063.6664,617.0000000000001,787.3996000000001,735.3332,0.23272727272727273,0.046875
replay,9,0.35,1.0,c09_replay_400_0020,0.8653259363969946,1.9430063657460321,48,443.32879999999994,378.2624,378.2624,443.32879999999994,378.2624,378.2624,660.63,347.72960000000006,347.72960000000006,378.2624,0.23636363636363636,0.07692307692307693
replay,9,0.35,0.0,c09_replay_400_0021,1.8401583048011068,3.850084537024391,160,484.73319999999995,104.39999999999999,484.73319999999995,422.9,104.39999999999999,422.9,965.534,89.99999999999999,965.534,207.73319999999995,0.22955145118733508,0.11494252873563218
replay,9,0.35,0.25,c09_replay_400_0021,1.8401583048011068,3.850084537024391,160,1144.1996,214.4,678.3996000000001,502.26640000000003,214.4,579.0664,1314.4679999999998,178.4,1130.1996000000001,525.9328,0.24274406332453827,0.11956521739130435
replay,9,0.35,0.5,c09_replay_400_0021,1.8401583048011068,3.850084537024391,160,1531.9328,198.4,1503.9328,502.26640000000003,198.4,583.4664,2014.4015999999997,178.4,1305.1344,836.1328,0.24274406332453827,0.15217391304347827
replay,9,0.35,1.0,c09_replay_400_0021,1.8401583048011068,3.850084537024391,160,3665.3332,959.0664,959.0664,1063.8663999999999,959.0664,959.0664,4723.004399999999,942.3332000000001,942.3332000000001,3645.3332,0.25065963060686014,0.042105263157894736
replay,9,0.35,0.0,c09_replay_400_0022,1.0262844855033635,3.9087314445948147,82,3552.1024000000007,2977.8136,3552.1024000000007,3325.1048,2977.8136,3325.1048,2778.4932,2298.4258,2778.4932,3221.8916000000004,0.24822695035460993,0.08571428571428572
replay,9,0.35,0.25,c09_replay_400_0022,1.0262844855033635,3.9087314445948147,82,4971.5024,4485.896800000001,4847.9408,4654.542,4478.214000000001,4605.8748000000005,2913.0305999999996,2508.4119,3095.1629,4542.497200000001,0.24468085106382978,0.08695652173913043
replay,9,0.35,0.5,c09_replay_400_0022,1.0262844855033635,3.9087314445948147,82,5401.028,4830.678400000001,5084.337600000001,5022.7384,4779.1456,4998.338000000001,2941.2304,2576.2472,2844.3307000000004,4914.924400000001,0.24468085106382978,0.043478260869565216
replay,9,0.35,1.0,c09_replay_400_0022,1.0262844855033635,3.9087314445948147,82,6576.6172,5638.078400000001,5638.078400000001,5634.279200000001,5594.412400000001,5594.412400000001,3742.6481,2717.3657,2717.3657,5638.695200000001,0.24822695035460993,0.08571428571428572
replay,9,0.35,0.0,c09_replay_400_0023,1.1130642361111112,2.2046875,105,913.0,143.0,913.0,913.0,89.19999999999999,913.0,2067.1331999999998,82.0,2067.1331999999998,501.4668,0.24722222222222223,0.1348314606741573
replay,9,0.35,0.25,c09_replay_400_0023,1.1130642361111112,2.2046875,105,1074.2,399.0,850.6664000000001,1074.2,399.0,850.6664000000001,1631.1999999999998,375.8,986.3332,746.4000000000001,0.2479108635097493,0.0898876404494382
replay,9,0.35,0.5,c09_replay_400_0023,1.1130642361111112,2.2046875,105,1220.2,483.2,625.9331999999999,1190.0,483.2,625.9331999999999,1497.1336000000001,443.0,627.7332,899.4000000000001,0.2479108635097493,0.10112359550561797
replay,9,0.35,1.0,c09_replay_400_0023,1.1130642361111112,2.2046875,105,1723.6,871.8,871.8,1643.3999999999999,871.8,871.8,1927.4,820.5999999999999,820.5999999999999,1457.8,0.2479108635097493,0.11235955056179775
replay,12,0.25,0.0,c12_replay_400_0000,2.530127293041377,6.975945530419503,223,1164.6757999999998,885.2363999999999,1164.6757999999998,1164.6757999999998,802.314,1164.6757999999998,2586.5584,776.0,2586.5584,967.8198,0.2356687898089172,0.10810810810810811
replay,12,0.25,0.25,c12_replay_400_0000,2.530127293041377,6.975945530419503,223,1813.1605999999997,1261.8677999999998,1708.3651999999997,1813.1605999999997,1196.2538,1708.3651999999997,4019.8488,978.095,2297.0917,1473.2776,0.23248407643312102,0.1643835616438356
replay,12,0.25,0.5,c12_replay_400_0000,2.530127293041377,6.975945530419503,223,1791.9101999999998,1402.802,1699.7430999999997,1791.9101999999998,1342.0837999999999,1699.7430999999997,4958.6626,1116.9531999999997,2281.4468999999995,1642.8991999999994,0.23248407643312102,0.1506849315068493
replay,12,0.25,1.0,c12_replay_400_0000,2.530127293041377,6.975945530419503,223,2397.1649999999995,2164.0948,2164.0948,2397.1649999999995,2164.0948,2164.0948,6905.5388,1972.2465999999995,1972.2465999999995,2291.8126000000007,0.2507936507936508,0.10126582278481013
replay,12,0.25,0.0,c12_replay_400_0001,3.5166931398807995,6.632164060663061,215,4837.485200000001,4139.732200000001,4837.485200000001,4837.485200000001,3920.916199999999,4837.485200000001,4253.6366,2703.4739999999997,4253.6366,4395.006200000001,0.24923076923076923,0.14814814814814814
replay,12,0.25,0.25,c12_replay_400_0001,3.5166931398807995,6.632164060663061,215,5096.349999999999,4570.919100000001,4979.262,5096.349999999999,4570.919100000001,4979.262,5212.1143999999995,3130.5407999999998,4183.2404,4678.193799999999,0.25153374233128833,0.10975609756097561
replay,12,0.25,0.5,c12_replay_400_0001,3.5166931398807995,6.632164060663061,215,5424.0646,4499.077399999999,5335.3734,5424.0646,4499.077399999999,5335.3734,5807.4242,3303.3218000000006,4875.206800000001,4630.626199999999,0.25153374233128833,0.18292682926829268
replay,12,0.25,1.0,c12_replay_400_0001,3.5166931398807995,6.632164060663061,215,4939.9056,4338.8315999999995,4338.8315999999995,4939.9056,4338.8315999999995,4338.8315999999995,6004.010400000002,3302.231799999999,3302.231799999999,4151.698899999999,0.25153374233128833,0.12195121951219512
replay,12,0.25,0.0,c12_replay_400_0002,2.586857518115942,3.866975,209,5712.821199999999,4553.3992,5712.821199999999,5712.821199999999,4553.3992,5712.821199999999,5635.9988,3928.3248000000003,5635.9988,5224.1752,0.25,0.1643835616438356
replay,12,0.25,0.25,c12_replay_400_0002,2.586857518115942,3.866975,209,5610.606599999999,4000.1732,5177.2258,5586.5574,4000.1732,5177.2258,5057.6276,3391.5240000000003,4621.7856,4769.6612000000005,0.2465753424657534,0.19444444444444445
replay,12,0.25,0.5,c12_replay_400_0002,2.586857518115942,3.866975,209,5372.347,3982.4272,4739.7432,5133.235600000001,3982.4272,4739.7432,5260.657000000001,3532.0058,4116.605600000001,4708.838000000002,0.25,0.1643835616438356
replay,12,0.25,1.0,c12_replay_400_0002,2.586857518115942,3.866975,209,4399.3476,3912.6044000000006,3912.6044000000006,4358.9268,3912.6044000000006,3912.6044000000006,4761.3532,3284.2276,3284.2276,4214.518800000001,0.25,0.0684931506849315
replay,12,0.25,0.0,c12_replay_400_0003,2.7968929057947594,5.8139257760352985,192,1951.0754,1449.2154000000003,1951.0754,1951.0754,1449.2154000000003,1951.0754,2642.4144,1283.4487999999997,2642.4144,1766.4502,0.2415902140672783,0.12658227848101267
replay,12,0.25,0.25,c12_replay_400_0003,2.7968929057947594,5.8139257760352985,192,1551.7232000000004,1355.4534,1645.2798000000003,1551.7232000000004,1355.4534,1645.2798000000003,2090.8564,1288.9774000000002,2250.3534,1536.6072,0.2324159021406728,0.02631578947368421
replay,12,0.25,0.5,c12_replay_400_0003,2.7968929057947594,5.8139257760352985,192,1576.062,1315.563,1621.8418,1576.062,1315.563,1621.8418,2044.8779999999997,1278.0188,2331.3046,1564.946,0.2324159021406728,0.02631578947368421
replay,12,0.25,1.0,c12_replay_400_0003,2.7968929057947594,5.8139257760352985,192,1747.5212000000006,1655.2538,1655.2538,1697.763,1623.8690000000001,1623.8690000000001,1932.4452000000003,1474.2540000000004,1474.2540000000004,1747.5212000000006,0.23853211009174313,0.0
replay,12,0.25,0.0,c12_replay_400_0004,2.2018745923913046,4.140625,169,464.7422,233.33459999999997,464.7422,337.4246,233.33459999999997,337.4246,800.3918,225.9334,800.3918,383.7422,0.2443820224719101,0.06896551724137931
replay,12,0.25,0.25,c12_replay_400_0004,2.2018745923913046,4.140625,169,1295.9646,579.9646,1202.9646,819.9646,579.9646,803.9646,1854.4173999999998,535.9334,1275.2721999999999,957.9646,0.24719101123595505,0.11363636363636363
replay,12,0.25,0.5,c12_replay_400_0004,2.2018745923913046,4.140625,169,1618.8902,896.9646,1079.6834,1105.8902,896.9646,1079.6834,2192.4174,882.9334,1419.1734,1521.8902,0.24719101123595505,0.10227272727272728
replay,12,0.25,1.0,c12_replay_400_0004,2.2018745923913046,4.140625,169,3536.6592,2481.7336,2481.7336,2642.616,2481.7336,2481.7336,4116.533600000001,2445.9336000000003,2445.9336000000003,3379.6592,0.24719101123595505,0.11363636363636363
replay,12,0.25,0.0,c12_replay_400_0005,2.4922178266608994,4.887555022008803,195,3925.5992000000006,3312.8312000000005,3925.5992000000006,3925.5992000000006,3255.306,3925.5992000000006,3440.463600000001,2833.5684,3440.463600000001,3697.366,0.23283582089552238,0.08974358974358974
replay,12,0.25,0.25,c12_replay_400_0005,2.4922178266608994,4.887555022008803,195,4439.681799999999,3829.6409999999996,4249.642,4413.2818,3829.6409999999996,4249.642,4305.0064,3203.7648,4377.217200000002,4274.763599999999,0.22686567164179106,0.14473684210526316
replay,12,0.25,0.5,c12_replay_400_0005,2.4922178266608994,4.887555022008803,195,4031.8909999999996,3526.9076,3923.7716,4031.8909999999996,3140.9835999999996,3923.7716,4394.844400000001,2856.7946,3839.4967999999994,3804.7634000000003,0.22686567164179106,0.14473684210526316
replay,12,0.25,1.0,c12_replay_400_0005,2.4922178266608994,4.887555022008803,195,3909.1603999999998,3312.1056,3312.1056,3909.1603999999998,3312.1056,3312.1056,4912.095200000001,2791.5773999999997,2791.5773999999997,3699.7304,0.2208955223880597,0.16216216216216217
replay,12,0.25,0.0,c12_replay_400_0006,2.3201616031530885,4.886097057742856,177,3647.296999999999,2941.8614000000002,3647.296999999999,3402.9651999999996,2897.2386000000006,3402.9651999999996,3847.635200000001,2684.6073999999994,3847.635200000001,3076.688199999999,0.23809523809523808,0.18571428571428572
replay,12,0.25,0.25,c12_replay_400_0006,2.3201616031530885,4.886097057742856,177,4411.0022,3729.8284000000003,4205.500999999999,4341.464800000002,3681.8988000000004,4205.500999999999,4604.9044,3200.3452,4113.6784,3856.5774000000006,0.23809523809523808,0.17142857142857143
replay,12,0.25,0.5,c12_replay_400_0006,2.3201616031530885,4.886097057742856,177,4680.273999999999,3830.2812000000004,4375.526000000001,4680.273999999999,3791.750400000001,4106.202400000001,4834.4888,3095.3367999999996,3755.5628000000006,3991.426,0.23809523809523808,0.14285714285714285
replay,12,0.25,1.0,c12_replay_400_0006,2.3201616031530885,4.886097057742856,177,3715.7796,3364.4796000000006,3364.4796000000006,3715.7796,3053.2772000000014,3053.2772000000014,4288.3884,2517.8212,2517.8212,3364.218,0.23972602739726026,0.14285714285714285
replay,12,0.25,0.0,c12_replay_400_0007,2.918723171331867,4.802306306306306,145,4656.586,4495.961400000001,4656.586,4656.586,4374.3164000000015,4656.586,5151.5092,4018.2184000000007,5151.5092,4569.052000000001,0.23511904761904762,0.10126582278481013
replay,12,0.25,0.25,c12_replay_400_0007,2.918723171331867,4.802306306306306,145,4538.4264,4278.921600000001,4993.0848000000005,4538.4264,4159.631600000001,4993.0848000000005,5056.3432,3769.0226,7239.687800000001,4438.8924,0.23809523809523808,0.125
replay,12,0.25,0.5,c12_replay_400_0007,2.918723171331867,4.802306306306306,145,4062.0756000000006,3974.4452000000006,4257.314000000001,4062.0756000000006,3855.1552000000006,4151.454200000001,3980.1464000000005,3398.6588000000006,4376.4192,4043.9028000000003,0.23809523809523808,0.075
replay,12,0.25,1.0,c12_replay_400_0007,2.918723171331867,4.802306306306306,145,2856.8488,2863.3124,2863.3124,2856.8488,2782.1798,2782.1798,2675.894800000001,2257.5042000000003,2257.5042000000003,2798.2936,0.23809523809523808,0.125
replay,12,0.25,0.0,c12_replay_400_0008,2.2718508743457466,3.6960666654900782,207,3928.3531999999987,3103.8572000000004,3928.3531999999987,3928.3531999999987,3103.8572000000004,3928.3531999999987,3971.9083999999993,2283.0932000000003,3781.7088000000003,3600.529199999999,0.23809523809523808,0.18666666666666668
replay,12,0.25,0.25,c12_replay_400_0008,2.2718508743457466,3.6960666654900782,207,2722.9442,2202.629,3511.1058,2722.9442,2202.629,3083.7209999999995,3109.4739999999997,1707.4547999999998,3232.175,2552.8454,0.24126984126984127,0.13157894736842105
replay,12,0.25,0.5,c12_replay_400_0008,2.2718508743457466,3.6960666654900782,207,2692.4341999999997,1965.6614000000002,3052.2009999999996,2682.3094,1795.2062,2801.3345999999997,3083.2142,1410.8952,2519.403,2309.941,0.24444444444444444,0.18181818181818182
replay,12,0.25,1.0,c12_replay_400_0008,2.2718508743457466,3.6960666654900782,207,3753.7463999999995,2593.1088,2593.1088,3449.2087999999994,2593.1088,2593.1088,3793.6776,1734.6468,1727.872,2529.9028,0.24126984126984127,0.25
replay,12,0.25,0.0,c12_replay_400_0009,1.7902963601167918,2.4398959001540796,174,2556.4261999999994,2309.9448,2556.4261999999994,2556.4261999999994,2224.1048000000005,2556.4261999999994,2409.022,1791.6480000000001,2409.022,2419.0034000000005,0.24834437086092714,0.12
replay,12,0.25,0.25,c12_replay_400_0009,1.7902963601167918,2.4398959001540796,174,2719.6067999999996,2370.3532,2733.8084,2719.6067999999996,2314.9004,2638.4,2267.7722,1892.5761999999995,2353.3482,2538.6627999999996,0.24503311258278146,0.10810810810810811
replay,12,0.25,0.5,c12_replay_400_0009,1.7902963601167918,2.4398959001540796,174,2724.7507999999993,2427.3531999999996,2631.2431999999994,2724.7507999999993,2316.8504,2631.2431999999994,2432.5846,1773.0591999999997,2221.2739999999994,2579.0771999999997,0.24834437086092714,0.12
replay,12,0.25,1.0,c12_replay_400_0009,1.7902963601167918,2.4398959001540796,174,1818.8867999999998,1868.5911999999998,1868.5911999999998,1818.8867999999998,1688.3151999999995,1688.3151999999995,1974.1912000000002,1185.8881999999996,1185.8881999999996,1791.635,0.24834437086092714,0.05333333333333334
replay,12,0.25,0.0,c12_replay_400_0010,2.5449219731968786,5.109292689194398,155,2132.4256,1712.8974000000003,2132.4256,2132.4256,1712.8974000000003,2132.4256,3325.4929999999995,1607.5888,3325.4929999999995,2091.1643999999997,0.25,0.05194805194805195
replay,12,0.25,0.25,c12_replay_400_0010,2.5449219731968786,5.109292689194398,155,1518.2348,1458.8096,1525.0803999999998,1518.2348,1434.3908,1525.0803999999998,2291.7111999999997,1296.9296,1508.6417999999999,1479.0559999999996,0.2435064935064935,0.04
replay,12,0.25,0.5,c12_replay_400_0010,2.5449219731968786,5.109292689194398,155,1675.9643999999996,1617.7559999999999,1869.6488,1675.9643999999996,1565.9448,1869.6488,2412.0292,1462.6592,2135.0794,1636.7855999999997,0.2435064935064935,0.04
replay,12,0.25,1.0,c12_replay_400_0010,2.5449219731968786,5.109292689194398,155,1161.5683999999999,1220.4165999999998,1220.4165999999998,1161.5683999999999,1152.5607999999997,1152.5607999999997,2316.3222,990.028,990.028,1180.4589999999998,0.24025974025974026,0.02702702702702703
replay,12,0.25,0.0,c12_replay_400_0011,2.6853326992753623,8.973533333333334,150,4127.041200000001,3269.2574000000004,4127.041200000001,4127.041200000001,3254.0669000000003,4127.041200000001,4739.966399999999,2868.4708000000005,4739.966399999999,3817.286400000001,0.2398753894080997,0.12987012987012986
replay,12,0.25,0.25,c12_replay_400_0011,2.6853326992753623,8.973533333333334,150,3315.1416000000004,3199.4436000000005,3310.2968000000005,3315.1416000000004,3199.4436000000005,3310.2968000000005,3966.9896000000012,2839.1716000000006,4404.2104,3293.6816000000003,0.2336448598130841,0.05333333333333334
replay,12,0.25,0.5,c12_replay_400_0011,2.6853326992753623,8.973533333333334,150,3135.7456,3082.9216,3204.7704000000003,3135.7456,3082.9216,3204.7704000000003,3898.397200000001,2735.4002000000005,3740.0220000000004,3122.3636,0.2336448598130841,0.10666666666666667
replay,12,0.25,1.0,c12_replay_400_0011,2.6853326992753623,8.973533333333334,150,3136.3386,2961.215,2961.215,3136.3386,2961.215,2961.215,3249.1974,2543.3253999999997,2543.3253999999997,3065.4662000000003,0.2336448598130841,0.09333333333333334
replay,12,0.25,0.0,c12_replay_400_0012,2.6933581281010017,5.408470771292925,203,3843.0026,3103.3398,3843.0026,3843.0026,3103.3398,3843.0026,3156.2534,2237.1544,3156.2534,3500.8856000000005,0.23270440251572327,0.16216216216216217
replay,12,0.25,0.25,c12_replay_400_0012,2.6933581281010017,5.408470771292925,203,3497.7822000000006,3034.512,3617.5972000000006,3497.7822000000006,3034.512,3617.5972000000006,2842.4494,2024.7454,2775.4138000000003,3332.9598,0.2358490566037736,0.10666666666666667
replay,12,0.25,0.5,c12_replay_400_0012,2.6933581281010017,5.408470771292925,203,3652.4864000000002,3250.6414,3658.111600000001,3652.4864000000002,3250.6414,3658.111600000001,2959.8484000000008,2162.0032,2794.1902,3501.7527999999998,0.2358490566037736,0.09333333333333334
replay,12,0.25,1.0,c12_replay_400_0012,2.6933581281010017,5.408470771292925,203,2933.8874000000005,2621.9956,2621.9956,2933.8874000000005,2621.9956,2621.9956,3213.6000000000004,1682.9191999999998,1682.9191999999998,2704.8618,0.22955974842767296,0.1232876712328767
replay,12,0.25,0.0,c12_replay_400_0013,3.3297467499420126,5.750011399240485,157,2775.094,2411.932,2775.094,2775.094,2273.8577999999998,2775.094,2252.4142,1109.2640000000001,2252.4142,2579.4840000000004,0.2358490566037736,0.12
replay,12,0.25,0.25,c12_replay_400_0013,3.3297467499420126,5.750011399240485,157,2999.6743999999994,2427.8399999999997,3072.5878,2999.6743999999994,2270.7650000000003,3072.5878,2039.2764,1189.5582,2391.2016,2697.384,0.25157232704402516,0.1125
replay,12,0.25,0.5,c12_replay_400_0013,3.3297467499420126,5.750011399240485,157,2926.6923999999995,2379.8176,2952.8367999999996,2926.6923999999995,2231.9046,2952.8367999999996,2244.6548,1165.7754,2309.1515999999997,2676.4112,0.25157232704402516,0.15
replay,12,0.25,1.0,c12_replay_400_0013,3.3297467499420126,5.750011399240485,157,3313.2157999999995,3069.9522,3069.9522,3313.2157999999995,2955.8218,2955.8218,3572.0182,1454.894,1454.894,3249.7410000000004,0.24528301886792453,0.07692307692307693
replay,12,0.25,0.0,c12_replay_400_0014,2.3888548158390313,7.023114118817088,224,1879.2386,1474.2040000000002,1879.2386,1879.2386,1318.9832000000001,1879.2386,1642.3219999999997,819.9531999999999,1642.3219999999997,1724.3922,0.24836601307189543,0.15789473684210525
replay,12,0.25,0.25,c12_replay_400_0014,2.3888548158390313,7.023114118817088,224,2063.8682,1603.4424000000004,2133.0504,2063.8682,1571.5543999999998,2133.0504,1680.1011999999996,841.0955999999999,1675.8815999999997,1827.6271999999997,0.24836601307189543,0.14473684210526316
replay,12,0.25,0.5,c12_replay_400_0014,2.3888548158390313,7.023114118817088,224,2035.1269999999997,1708.7975999999999,2031.6039999999998,2035.1269999999997,1708.7975999999999,2031.6039999999998,2193.9887999999996,830.8532,1647.1566000000003,1853.144,0.24836601307189543,0.10526315789473684
replay,12,0.25,1.0,c12_replay_400_0014,2.3888548158390313,7.023114118817088,224,1461.2500000000002,1290.6680000000003,1290.6680000000003,1461.2500000000002,1214.9871999999996,1214.9871999999996,1166.4352,696.3268,696.3268,1318.9712,0.22549019607843138,0.057971014492753624
replay,12,0.25,0.0,c12_replay_400_0015,2.1907256857684554,4.004596505239454,188,2123.4788,1782.6024000000002,2123.4788,2123.4788,1679.4452,2123.4788,1752.6585999999998,1020.1888,1752.6585999999998,1984.1907999999999,0.23548387096774193,0.0958904109589041
replay,12,0.25,0.25,c12_replay_400_0015,2.1907256857684554,4.004596505239454,188,2078.0296,1708.1871999999998,1972.0288,2078.0296,1562.9068000000002,1972.0288,1685.7910000000004,1003.5936000000002,1801.5622,1836.3056,0.23548387096774193,0.1095890410958904
replay,12,0.25,0.5,c12_replay_400_0015,2.1907256857684554,4.004596505239454,188,2029.3927999999996,1718.6332,1807.07,2029.3927999999996,1583.5724,1807.07,1654.2318000000002,975.3696,1815.8126000000002,1903.7775999999997,0.23548387096774193,0.0821917808219178
replay,12,0.25,1.0,c12_replay_400_0015,2.1907256857684554,4.004596505239454,188,1670.7024000000004,1519.3960000000004,1519.3960000000004,1670.7024000000004,1375.1191999999999,1375.1191999999999,1596.5185999999999,821.5429999999999,821.5429999999999,1586.3312000000003,0.23870967741935484,0.06756756756756757
