cell,decider,true_class,scope,n_orders,n_seeds,attain_pct_mean,attain_pct_sd,twt_per_inst_mean,twt_per_inst_sd
c9_storm2_u100_b1.00_r0.25,rule,1,cm,1750,10,84.57142857142857,0.0,1599.8779199999997,2.2737367544323206e-13
c9_storm2_u100_b1.00_r0.25,rule,1,pm,0,10,nan,nan,0.0,0.0
c9_storm2_u100_b1.00_r0.25,rule,2,cm,1593,10,98.93283113622098,1.4210854715202004e-14,45.666520000000006,0.0
c9_storm2_u100_b1.00_r0.25,rule,2,pm,3843,10,86.96330991412958,0.0,1999.2862799999998,0.0
c9_storm2_u100_b1.00_r0.25,rule,3,cm,732,10,100.0,0.0,0.0,0.0
c9_storm2_u100_b1.00_r0.25,rule,3,pm,3006,10,100.0,0.0,0.0,0.0
c9_storm2_u100_b1.00_r0.25,rule,4,cm,260,10,100.0,0.0,0.0,0.0
c9_storm2_u100_b1.00_r0.25,rule,4,pm,11455,10,100.0,0.0,0.0,0.0
c9_storm2_u100_b1.00_r0.25,rule,0,cm,4335,10,93.37946943483277,1.4210854715202004e-14,1645.5444400000001,0.0
c9_storm2_u100_b1.00_r0.25,rule,0,pm,18304,10,97.26289335664337,1.4210854715202004e-14,1999.2862799999998,0.0
c9_storm2_u100_b1.00_r0.25,rule_sup,1,cm,1750,10,84.79999999999998,1.4210854715202004e-14,1599.3007199999997,2.2737367544323206e-13
c9_storm2_u100_b1.00_r0.25,rule_sup,1,pm,0,10,nan,nan,0.0,0.0
c9_storm2_u100_b1.00_r0.25,rule_sup,2,cm,1593,10,98.93283113622098,1.4210854715202004e-14,45.666520000000006,0.0
c9_storm2_u100_b1.00_r0.25,rule_sup,2,pm,3843,10,90.45016913869372,0.0,1047.8061999999998,2.2737367544323206e-13
c9_storm2_u100_b1.00_r0.25,rule_sup,3,cm,732,10,100.0,0.0,0.0,0.0
c9_storm2_u100_b1.00_r0.25,rule_sup,3,pm,3006,10,100.0,0.0,0.0,0.0
c9_storm2_u100_b1.00_r0.25,rule_sup,4,cm,260,10,100.0,0.0,0.0,0.0
c9_storm2_u100_b1.00_r0.25,rule_sup,4,pm,11455,10,100.0,0.0,0.0,0.0
c9_storm2_u100_b1.00_r0.25,rule_sup,0,cm,4335,10,93.47174163783161,1.4210854715202004e-14,1644.96724,0.0
c9_storm2_u100_b1.00_r0.25,rule_sup,0,pm,18304,10,97.99497377622377,0.0,1047.8061999999998,2.2737367544323206e-13
c9_storm2_u100_b1.00_r0.25,m0_alone,1,cm,1750,10,84.50857142857144,0.2051579779544703,1593.3463359999998,5.003413865566601
c9_storm2_u100_b1.00_r0.25,m0_alone,1,pm,0,10,nan,nan,0.0,0.0
c9_storm2_u100_b1.00_r0.25,m0_alone,2,cm,1593,10,98.93283113622098,1.4210854715202004e-14,45.38191199999999,0.13729139323350711
c9_storm2_u100_b1.00_r0.25,m0_alone,2,pm,3843,10,97.00234192037472,0.7043856382348093,352.7330680000002,65.38388290949763
c9_storm2_u100_b1.00_r0.25,m0_alone,3,cm,732,10,100.0,0.0,0.0,0.0
c9_storm2_u100_b1.00_r0.25,m0_alone,3,pm,3006,10,100.0,0.0,0.0,0.0
c9_storm2_u100_b1.00_r0.25,m0_alone,4,cm,260,10,100.0,0.0,0.0,0.0
c9_storm2_u100_b1.00_r0.25,m0_alone,4,pm,11455,10,100.0,0.0,0.0,0.0
c9_storm2_u100_b1.00_r0.25,m0_alone,0,cm,4335,10,93.35409457900808,0.08282040632533497,1638.728248,5.008481157454418
c9_storm2_u100_b1.00_r0.25,m0_alone,0,pm,18304,10,99.37062937062937,0.14788865863944467,352.7330680000002,65.38388290949763
c9_storm2_u100_b1.00_r0.25,m0_sup,1,cm,1750,10,84.6742857142857,0.18569230639167694,1589.5782720000002,3.3574959195114604
c9_storm2_u100_b1.00_r0.25,m0_sup,1,pm,0,10,nan,nan,0.0,0.0
c9_storm2_u100_b1.00_r0.25,m0_sup,2,cm,1593,10,98.93283113622098,1.4210854715202004e-14,45.406244,0.14220959343165546
c9_storm2_u100_b1.00_r0.25,m0_sup,2,pm,3843,10,97.84022898776996,0.4572653163984146,224.55006000000012,29.72969890594527
c9_storm2_u100_b1.00_r0.25,m0_sup,3,cm,732,10,100.0,0.0,0.0,0.0
c9_storm2_u100_b1.00_r0.25,m0_sup,3,pm,3006,10,100.0,0.0,0.0,0.0
c9_storm2_u100_b1.00_r0.25,m0_sup,4,cm,260,10,100.0,0.0,0.0,0.0
c9_storm2_u100_b1.00_r0.25,m0_sup,4,pm,11455,10,100.0,0.0,0.0,0.0
c9_storm2_u100_b1.00_r0.25,m0_sup,0,cm,4335,10,93.42099192618224,0.07496229208429883,1634.984516,3.3494892619597816
c9_storm2_u100_b1.00_r0.25,m0_sup,0,pm,18304,10,99.54654720279721,0.09600473180283534,224.55006000000012,29.72969890594527
c9_storm2_u100_b1.00_r0.25,m1_alone,1,cm,1750,10,84.56,0.12467099559583487,1619.07004,9.578383845455273
c9_storm2_u100_b1.00_r0.25,m1_alone,1,pm,0,10,nan,nan,0.0,0.0
c9_storm2_u100_b1.00_r0.25,m1_alone,2,cm,1593,10,98.9202762084118,0.02510985561833081,48.599612,2.1169462358444577
c9_storm2_u100_b1.00_r0.25,m1_alone,2,pm,3843,10,94.2414780119698,0.2669058703712526,592.791372,39.8093924110983
c9_storm2_u100_b1.00_r0.25,m1_alone,3,cm,732,10,100.0,0.0,0.0,0.0
c9_storm2_u100_b1.00_r0.25,m1_alone,3,pm,3006,10,100.0,0.0,0.0,0.0
c9_storm2_u100_b1.00_r0.25,m1_alone,4,cm,260,10,100.0,0.0,0.0,0.0
c9_storm2_u100_b1.00_r0.25,m1_alone,4,pm,11455,10,100.0,0.0,0.0,0.0
c9_storm2_u100_b1.00_r0.25,m1_alone,0,cm,4335,10,93.37024221453288,0.054783585176646374,1667.6696519999998,9.163373953911075
c9_storm2_u100_b1.00_r0.25,m1_alone,0,pm,18304,10,98.79097465034965,0.056037984038282515,592.791372,39.8093924110983
c9_storm2_u100_b1.00_r0.25,oracle,1,cm,1750,10,84.51428571428572,0.0,1609.4729599999998,2.2737367544323206e-13
c9_storm2_u100_b1.00_r0.25,oracle,1,pm,0,10,nan,nan,0.0,0.0
c9_storm2_u100_b1.00_r0.25,oracle,2,cm,1593,10,98.93283113622098,1.4210854715202004e-14,46.62968,0.0
c9_storm2_u100_b1.00_r0.25,oracle,2,pm,3843,10,99.03721051262036,1.4210854715202004e-14,158.91604,0.0
c9_storm2_u100_b1.00_r0.25,oracle,3,cm,732,10,100.0,0.0,0.0,0.0
c9_storm2_u100_b1.00_r0.25,oracle,3,pm,3006,10,100.0,0.0,0.0,0.0
c9_storm2_u100_b1.00_r0.25,oracle,4,cm,260,10,100.0,0.0,0.0,0.0
c9_storm2_u100_b1.00_r0.25,oracle,4,pm,11455,10,100.0,0.0,0.0,0.0
c9_storm2_u100_b1.00_r0.25,oracle,0,cm,4335,10,93.35640138408304,0.0,1656.1026399999998,0.0
c9_storm2_u100_b1.00_r0.25,oracle,0,pm,18304,10,99.7978583916084,1.4210854715202004e-14,158.91604,0.0
c9_storm2_u90_b1.00_r0.25,rule,1,cm,1510,3,85.16556291390728,0.0,1172.21992,0.0
c9_storm2_u90_b1.00_r0.25,rule,1,pm,0,3,nan,nan,0.0,0.0
c9_storm2_u90_b1.00_r0.25,rule,2,cm,1311,3,98.55072463768117,1.4210854715202004e-14,94.62772,1.4210854715202004e-14
c9_storm2_u90_b1.00_r0.25,rule,2,pm,3429,3,96.06299212598425,0.0,485.1548000000001,0.0
c9_storm2_u90_b1.00_r0.25,rule,3,cm,702,3,100.0,0.0,0.0,0.0
c9_storm2_u90_b1.00_r0.25,rule,3,pm,2791,3,100.0,0.0,0.0,0.0
c9_storm2_u90_b1.00_r0.25,rule,4,cm,203,3,100.0,0.0,0.0,0.0
c9_storm2_u90_b1.00_r0.25,rule,4,pm,10313,3,100.0,0.0,0.0,0.0
c9_storm2_u90_b1.00_r0.25,rule,0,cm,3726,3,93.4782608695652,1.4210854715202004e-14,1266.84764,0.0
c9_storm2_u90_b1.00_r0.25,rule,0,pm,16533,3,99.18345127925966,0.0,485.1548000000001,0.0
c9_storm2_u90_b1.00_r0.25,rule_sup,1,cm,1510,3,84.96688741721854,0.0,1172.0038399999999,0.0
c9_storm2_u90_b1.00_r0.25,rule_sup,1,pm,0,3,nan,nan,0.0,0.0
c9_storm2_u90_b1.00_r0.25,rule_sup,2,cm,1311,3,98.55072463768117,1.4210854715202004e-14,94.62772,1.4210854715202004e-14
c9_storm2_u90_b1.00_r0.25,rule_sup,2,pm,3429,3,97.11286089238847,1.4210854715202004e-14,352.26056,5.684341886080802e-14
c9_storm2_u90_b1.00_r0.25,rule_sup,3,cm,702,3,100.0,0.0,0.0,0.0
c9_storm2_u90_b1.00_r0.25,rule_sup,3,pm,2791,3,100.0,0.0,0.0,0.0
c9_storm2_u90_b1.00_r0.25,rule_sup,4,cm,203,3,100.0,0.0,0.0,0.0
c9_storm2_u90_b1.00_r0.25,rule_sup,4,pm,10313,3,100.0,0.0,0.0,0.0
c9_storm2_u90_b1.00_r0.25,rule_sup,0,cm,3726,3,93.39774557165862,0.0,1266.63156,0.0
c9_storm2_u90_b1.00_r0.25,rule_sup,0,pm,16533,3,99.40119760479043,0.0,352.26056,5.684341886080802e-14
c9_storm2_u90_b1.00_r0.25,m0_alone,1,cm,1510,3,85.32008830022075,0.06243768487298925,1156.1451733333333,1.5188039537596112
c9_storm2_u90_b1.00_r0.25,m0_alone,1,pm,0,3,nan,nan,0.0,0.0
c9_storm2_u90_b1.00_r0.25,m0_alone,2,cm,1311,3,98.5761505212306,0.03595762935095807,96.92206666666665,3.8404181974131792
c9_storm2_u90_b1.00_r0.25,m0_alone,2,pm,3429,3,98.62933799941675,0.1037919534561192,178.82341333333338,4.121389092214202
c9_storm2_u90_b1.00_r0.25,m0_alone,3,cm,702,3,100.0,0.0,0.0,0.0
c9_storm2_u90_b1.00_r0.25,m0_alone,3,pm,2791,3,100.0,0.0,0.0,0.0
c9_storm2_u90_b1.00_r0.25,m0_alone,4,cm,203,3,100.0,0.0,0.0,0.0
c9_storm2_u90_b1.00_r0.25,m0_alone,4,pm,10313,3,100.0,0.0,0.0,0.0
c9_storm2_u90_b1.00_r0.25,m0_alone,0,cm,3726,3,93.54983002325997,0.033473406573393476,1253.06724,5.311942380410523
c9_storm2_u90_b1.00_r0.25,m0_alone,0,pm,16533,3,99.71572007500151,0.021526801451702555,178.82341333333338,4.121389092214202
c9_storm2_u90_b1.00_r0.25,m0_sup,1,cm,1510,3,85.38631346578366,0.062437684872982555,1156.08976,2.8218713949435155
c9_storm2_u90_b1.00_r0.25,m0_sup,1,pm,0,3,nan,nan,0.0,0.0
c9_storm2_u90_b1.00_r0.25,m0_sup,2,cm,1311,3,98.5761505212306,0.03595762935095807,96.92718666666666,3.8349046173738954
c9_storm2_u90_b1.00_r0.25,m0_sup,2,pm,3429,3,98.78487411295811,0.06873790037781156,168.77284,1.9264773414707
c9_storm2_u90_b1.00_r0.25,m0_sup,3,cm,702,3,100.0,0.0,0.0,0.0
c9_storm2_u90_b1.00_r0.25,m0_sup,3,pm,2791,3,100.0,0.0,0.0,0.0
c9_storm2_u90_b1.00_r0.25,m0_sup,4,cm,203,3,100.0,0.0,0.0,0.0
c9_storm2_u90_b1.00_r0.25,m0_sup,4,pm,10313,3,100.0,0.0,0.0,0.0
c9_storm2_u90_b1.00_r0.25,m0_sup,0,cm,3726,3,93.57666845589551,0.012651758475333874,1253.0169466666666,6.364469497815412
c9_storm2_u90_b1.00_r0.25,m0_sup,0,pm,16533,3,99.74797878989496,0.014256472533447574,168.77284,1.9264773414707
c9_storm2_u90_b1.00_r0.25,m1_alone,1,cm,1510,3,85.20971302428256,0.06243768487298925,1183.9860266666667,15.831138739495609
c9_storm2_u90_b1.00_r0.25,m1_alone,1,pm,0,3,nan,nan,0.0,0.0
c9_storm2_u90_b1.00_r0.25,m1_alone,2,cm,1311,3,98.55072463768117,1.4210854715202004e-14,96.77410666666667,0.6729219646354909
c9_storm2_u90_b1.00_r0.25,m1_alone,2,pm,3429,3,98.88208418392146,0.013747580075563651,174.18910666666667,2.5993878873987843
c9_storm2_u90_b1.00_r0.25,m1_alone,3,cm,702,3,100.0,0.0,0.0,0.0
c9_storm2_u90_b1.00_r0.25,m1_alone,3,pm,2791,3,100.0,0.0,0.0,0.0
c9_storm2_u90_b1.00_r0.25,m1_alone,4,cm,203,3,100.0,0.0,0.0,0.0
c9_storm2_u90_b1.00_r0.25,m1_alone,4,pm,10313,3,100.0,0.0,0.0,0.0
c9_storm2_u90_b1.00_r0.25,m1_alone,0,cm,3726,3,93.4961531579889,0.025303516950674447,1280.7601333333334,16.3269545277034
c9_storm2_u90_b1.00_r0.25,m1_alone,0,pm,16533,3,99.76814048670336,0.002851294506693534,174.18910666666667,2.5993878873987843
c9_storm2_u90_b1.00_r0.25,oracle,1,cm,1510,3,85.29801324503312,0.0,1171.08032,0.0
c9_storm2_u90_b1.00_r0.25,oracle,1,pm,0,3,nan,nan,0.0,0.0
c9_storm2_u90_b1.00_r0.25,oracle,2,cm,1311,3,98.55072463768117,1.4210854715202004e-14,96.39811999999999,0.0
c9_storm2_u90_b1.00_r0.25,oracle,2,pm,3429,3,98.8918051910178,0.0,164.14315999999997,0.0
c9_storm2_u90_b1.00_r0.25,oracle,3,cm,702,3,100.0,0.0,0.0,0.0
c9_storm2_u90_b1.00_r0.25,oracle,3,pm,2791,3,100.0,0.0,0.0,0.0
c9_storm2_u90_b1.00_r0.25,oracle,4,cm,203,3,100.0,0.0,0.0,0.0
c9_storm2_u90_b1.00_r0.25,oracle,4,pm,10313,3,100.0,0.0,0.0,0.0
c9_storm2_u90_b1.00_r0.25,oracle,0,cm,3726,3,93.53193773483629,0.0,1267.47844,0.0
c9_storm2_u90_b1.00_r0.25,oracle,0,pm,16533,3,99.7701566563842,0.0,164.14315999999997,0.0
c9_storm2_u100_b0.75_r0.25,rule,1,cm,1907,3,86.05138961719979,0.0,1565.9268799999998,0.0
c9_storm2_u100_b0.75_r0.25,rule,1,pm,0,3,nan,nan,0.0,0.0
c9_storm2_u100_b0.75_r0.25,rule,2,cm,1414,3,98.37340876944837,0.0,73.80360000000005,0.0
c9_storm2_u100_b0.75_r0.25,rule,2,pm,3075,3,86.92682926829268,0.0,1590.46472,0.0
c9_storm2_u100_b0.75_r0.25,rule,3,cm,744,3,100.0,0.0,0.0,0.0
c9_storm2_u100_b0.75_r0.25,rule,3,pm,4430,3,100.0,0.0,0.0,0.0
c9_storm2_u100_b0.75_r0.25,rule,4,cm,270,3,100.0,0.0,0.0,0.0
c9_storm2_u100_b0.75_r0.25,rule,4,pm,10799,3,100.0,0.0,0.0,0.0
c9_storm2_u100_b0.75_r0.25,rule,0,cm,4335,3,93.33333333333333,0.0,1639.7304799999995,2.2737367544323206e-13
c9_storm2_u100_b0.75_r0.25,rule,0,pm,18304,3,97.80375874125873,1.4210854715202004e-14,1590.46472,0.0
c9_storm2_u100_b0.75_r0.25,rule_sup,1,cm,1907,3,86.15626638699528,0.0,1560.77496,2.2737367544323206e-13
c9_storm2_u100_b0.75_r0.25,rule_sup,1,pm,0,3,nan,nan,0.0,0.0
c9_storm2_u100_b0.75_r0.25,rule_sup,2,cm,1414,3,98.37340876944837,0.0,74.00204000000004,0.0
c9_storm2_u100_b0.75_r0.25,rule_sup,2,pm,3075,3,90.95934959349593,0.0,791.2686400000002,0.0
c9_storm2_u100_b0.75_r0.25,rule_sup,3,cm,744,3,100.0,0.0,0.0,0.0
c9_storm2_u100_b0.75_r0.25,rule_sup,3,pm,4430,3,100.0,0.0,0.0,0.0
c9_storm2_u100_b0.75_r0.25,rule_sup,4,cm,270,3,100.0,0.0,0.0,0.0
c9_storm2_u100_b0.75_r0.25,rule_sup,4,pm,10799,3,100.0,0.0,0.0,0.0
c9_storm2_u100_b0.75_r0.25,rule_sup,0,cm,4335,3,93.37946943483276,0.0,1634.777,0.0
c9_storm2_u100_b0.75_r0.25,rule_sup,0,pm,18304,3,98.4812062937063,0.0,791.2686400000002,0.0
c9_storm2_u100_b0.75_r0.25,m0_alone,1,cm,1907,3,86.08634854046495,0.13080431346875757,1551.9990133333333,4.998132261430948
c9_storm2_u100_b0.75_r0.25,m0_alone,1,pm,0,3,nan,nan,0.0,0.0
c9_storm2_u100_b0.75_r0.25,m0_alone,2,cm,1414,3,98.37340876944837,0.0,74.22361333333335,0.5739337516550862
c9_storm2_u100_b0.75_r0.25,m0_alone,2,pm,3075,3,95.20867208672087,0.5443850202488806,470.64668000000006,42.17063736605364
c9_storm2_u100_b0.75_r0.25,m0_alone,3,cm,744,3,100.0,0.0,0.0,0.0
c9_storm2_u100_b0.75_r0.25,m0_alone,3,pm,4430,3,100.0,0.0,0.0,0.0
c9_storm2_u100_b0.75_r0.25,m0_alone,4,cm,270,3,100.0,0.0,0.0,0.0
c9_storm2_u100_b0.75_r0.25,m0_alone,4,pm,10799,3,100.0,0.0,0.0,0.0
c9_storm2_u100_b0.75_r0.25,m0_alone,0,cm,4335,3,93.34871203383314,0.05754182832409083,1626.2226266666667,5.497162840819862
c9_storm2_u100_b0.75_r0.25,m0_alone,0,pm,18304,3,99.19507575757575,0.0914545420271708,470.64668000000006,42.17063736605364
c9_storm2_u100_b0.75_r0.25,m0_sup,1,cm,1907,3,86.19122531026045,0.13080431346876265,1551.0554933333333,6.106285283112437
c9_storm2_u100_b0.75_r0.25,m0_sup,1,pm,0,3,nan,nan,0.0,0.0
c9_storm2_u100_b0.75_r0.25,m0_sup,2,cm,1414,3,98.37340876944837,0.0,74.26454666666667,0.42650701638100996
c9_storm2_u100_b0.75_r0.25,m0_sup,2,pm,3075,3,97.420054200542,0.4064679297398943,213.9203733333334,34.41256892961188
c9_storm2_u100_b0.75_r0.25,m0_sup,3,cm,744,3,100.0,0.0,0.0,0.0
c9_storm2_u100_b0.75_r0.25,m0_sup,3,pm,4430,3,100.0,0.0,0.0,0.0
c9_storm2_u100_b0.75_r0.25,m0_sup,4,cm,270,3,100.0,0.0,0.0,0.0
c9_storm2_u100_b0.75_r0.25,m0_sup,4,pm,10799,3,100.0,0.0,0.0,0.0
c9_storm2_u100_b0.75_r0.25,m0_sup,0,cm,4335,3,93.39484813533257,0.05754182832408956,1625.3200399999998,6.402716115233139
c9_storm2_u100_b0.75_r0.25,m0_sup,0,pm,18304,3,99.56657925407926,0.06828501332769882,213.9203733333334,34.41256892961188
c9_storm2_u100_b0.75_r0.25,m1_alone,1,cm,1907,3,85.94651284740429,0.0856315239567607,1582.9718400000002,11.81529824916823
c9_storm2_u100_b0.75_r0.25,m1_alone,1,pm,0,3,nan,nan,0.0,0.0
c9_storm2_u100_b0.75_r0.25,m1_alone,2,cm,1414,3,98.37340876944837,0.0,75.73909333333333,0.43573876251208093
c9_storm2_u100_b0.75_r0.25,m1_alone,2,pm,3075,3,96.23848238482385,0.03066045663682068,386.2226133333334,5.26343340621777
c9_storm2_u100_b0.75_r0.25,m1_alone,3,cm,744,3,100.0,0.0,0.0,0.0
c9_storm2_u100_b0.75_r0.25,m1_alone,3,pm,4430,3,100.0,0.0,0.0,0.0
c9_storm2_u100_b0.75_r0.25,m1_alone,4,cm,270,3,100.0,0.0,0.0,0.0
c9_storm2_u100_b0.75_r0.25,m1_alone,4,pm,10799,3,100.0,0.0,0.0,0.0
c9_storm2_u100_b0.75_r0.25,m1_alone,0,cm,4335,3,93.2871972318339,0.037669969131611816,1658.7109333333335,12.013386095289217
c9_storm2_u100_b0.75_r0.25,m1_alone,0,pm,18304,3,99.36807983682984,0.00515083611004182,386.2226133333334,5.26343340621777
c9_storm2_u100_b0.75_r0.25,oracle,1,cm,1907,3,86.05138961719979,0.0,1573.84032,2.2737367544323206e-13
c9_storm2_u100_b0.75_r0.25,oracle,1,pm,0,3,nan,nan,0.0,0.0
c9_storm2_u100_b0.75_r0.25,oracle,2,cm,1414,3,98.37340876944837,0.0,75.01132000000003,0.0
c9_storm2_u100_b0.75_r0.25,oracle,2,pm,3075,3,98.92682926829268,0.0,140.9516,0.0
c9_storm2_u100_b0.75_r0.25,oracle,3,cm,744,3,100.0,0.0,0.0,0.0
c9_storm2_u100_b0.75_r0.25,oracle,3,pm,4430,3,100.0,0.0,0.0,0.0
c9_storm2_u100_b0.75_r0.25,oracle,4,cm,270,3,100.0,0.0,0.0,0.0
c9_storm2_u100_b0.75_r0.25,oracle,4,pm,10799,3,100.0,0.0,0.0,0.0
c9_storm2_u100_b0.75_r0.25,oracle,0,cm,4335,3,93.33333333333333,0.0,1648.85164,0.0
c9_storm2_u100_b0.75_r0.25,oracle,0,pm,18304,3,99.81971153846153,0.0,140.9516,0.0
