cell,decider,seed,n_inst,n_orders,n_attained,attain_pct,twt_true_sum,twt_true_mean_per_inst,access_penalty_sum
c9_storm2_u100_b1.00_r0.25,rule,301,10,22639,21851,96.51928088696498,36448.3072,3644.8307200000004,0.0
c9_storm2_u100_b1.00_r0.25,rule,302,10,22639,21851,96.51928088696498,36448.3072,3644.8307200000004,0.0
c9_storm2_u100_b1.00_r0.25,rule,303,10,22639,21851,96.51928088696498,36448.3072,3644.8307200000004,0.0
c9_storm2_u100_b1.00_r0.25,rule,304,10,22639,21851,96.51928088696498,36448.3072,3644.8307200000004,0.0
c9_storm2_u100_b1.00_r0.25,rule,305,10,22639,21851,96.51928088696498,36448.3072,3644.8307200000004,0.0
c9_storm2_u100_b1.00_r0.25,rule,306,10,22639,21851,96.51928088696498,36448.3072,3644.8307200000004,0.0
c9_storm2_u100_b1.00_r0.25,rule,307,10,22639,21851,96.51928088696498,36448.3072,3644.8307200000004,0.0
c9_storm2_u100_b1.00_r0.25,rule,308,10,22639,21851,96.51928088696498,36448.3072,3644.8307200000004,0.0
c9_storm2_u100_b1.00_r0.25,rule,309,10,22639,21851,96.51928088696498,36448.3072,3644.8307200000004,0.0
c9_storm2_u100_b1.00_r0.25,rule,310,10,22639,21851,96.51928088696498,36448.3072,3644.8307200000004,0.0
c9_storm2_u100_b1.00_r0.25,rule_sup,301,10,22639,21989,97.12884844736958,26927.734399999998,2692.77344,0.0
c9_storm2_u100_b1.00_r0.25,rule_sup,302,10,22639,21989,97.12884844736958,26927.734399999998,2692.77344,0.0
c9_storm2_u100_b1.00_r0.25,rule_sup,303,10,22639,21989,97.12884844736958,26927.734399999998,2692.77344,0.0
c9_storm2_u100_b1.00_r0.25,rule_sup,304,10,22639,21989,97.12884844736958,26927.734399999998,2692.77344,0.0
c9_storm2_u100_b1.00_r0.25,rule_sup,305,10,22639,21989,97.12884844736958,26927.734399999998,2692.77344,0.0
c9_storm2_u100_b1.00_r0.25,rule_sup,306,10,22639,21989,97.12884844736958,26927.734399999998,2692.77344,0.0
c9_storm2_u100_b1.00_r0.25,rule_sup,307,10,22639,21989,97.12884844736958,26927.734399999998,2692.77344,0.0
c9_storm2_u100_b1.00_r0.25,rule_sup,308,10,22639,21989,97.12884844736958,26927.734399999998,2692.77344,0.0
c9_storm2_u100_b1.00_r0.25,rule_sup,309,10,22639,21989,97.12884844736958,26927.734399999998,2692.77344,0.0
c9_storm2_u100_b1.00_r0.25,rule_sup,310,10,22639,21989,97.12884844736958,26927.734399999998,2692.77344,0.0
c9_storm2_u100_b1.00_r0.25,m0_alone,301,10,22639,22250,98.28172622465657,19976.9332,1997.6933199999999,0.0
c9_storm2_u100_b1.00_r0.25,m0_alone,302,10,22639,22228,98.18454878749061,20006.390000000003,2000.6390000000004,0.0
c9_storm2_u100_b1.00_r0.25,m0_alone,303,10,22639,22199,98.05645125668094,20955.614,2095.5614,0.0
c9_storm2_u100_b1.00_r0.25,m0_alone,304,10,22639,22268,98.36123503688326,19813.332000000002,1981.3332000000003,0.0
c9_storm2_u100_b1.00_r0.25,m0_alone,305,10,22639,22203,98.07411988162022,20382.303200000002,2038.2303200000001,0.0
c9_storm2_u100_b1.00_r0.25,m0_alone,306,10,22639,22246,98.2640575997173,19022.302400000004,1902.2302400000003,0.0
c9_storm2_u100_b1.00_r0.25,m0_alone,307,10,22639,22240,98.23755466230841,19709.0216,1970.90216,0.0
c9_storm2_u100_b1.00_r0.25,m0_alone,308,10,22639,22268,98.36123503688326,18718.628,1871.8628,0.0
c9_storm2_u100_b1.00_r0.25,m0_alone,309,10,22639,22255,98.30381200583065,20178.045599999998,2017.8045599999998,0.0
c9_storm2_u100_b1.00_r0.25,m0_alone,310,10,22639,22200,98.06086841291577,20383.56160000001,2038.3561600000007,0.0
c9_storm2_u100_b1.00_r0.25,m0_sup,301,10,22639,22279,98.40982375546623,18314.2736,1831.4273600000001,0.0
c9_storm2_u100_b1.00_r0.25,m0_sup,302,10,22639,22265,98.3479835681788,18602.019600000007,1860.2019600000008,0.0
c9_storm2_u100_b1.00_r0.25,m0_sup,303,10,22639,22243,98.25080613101285,18984.072000000004,1898.4072000000003,0.0
c9_storm2_u100_b1.00_r0.25,m0_sup,304,10,22639,22294,98.47608109898847,18291.378400000005,1829.1378400000006,0.0
c9_storm2_u100_b1.00_r0.25,m0_sup,305,10,22639,22252,98.2905605371262,18926.2092,1892.62092,0.0
c9_storm2_u100_b1.00_r0.25,m0_sup,306,10,22639,22273,98.38332081805733,18569.019200000002,1856.9019200000002,0.0
c9_storm2_u100_b1.00_r0.25,m0_sup,307,10,22639,22267,98.35681788064844,18731.7468,1873.17468,0.0
c9_storm2_u100_b1.00_r0.25,m0_sup,308,10,22639,22291,98.46282963028402,18219.5708,1821.9570800000001,0.0
c9_storm2_u100_b1.00_r0.25,m0_sup,309,10,22639,22291,98.46282963028402,18340.724,1834.0723999999998,0.0
c9_storm2_u100_b1.00_r0.25,m0_sup,310,10,22639,22253,98.29497769336102,18974.444000000003,1897.4444000000003,0.0
c9_storm2_u100_b1.00_r0.25,m1_alone,301,10,22639,22131,97.75608463271345,22251.6276,2225.16276,0.0
c9_storm2_u100_b1.00_r0.25,m1_alone,302,10,22639,22131,97.75608463271345,22758.639600000006,2275.8639600000006,0.0
c9_storm2_u100_b1.00_r0.25,m1_alone,303,10,22639,22131,97.75608463271345,22976.978000000003,2297.6978000000004,0.0
c9_storm2_u100_b1.00_r0.25,m1_alone,304,10,22639,22129,97.74725032024382,22926.236000000004,2292.6236000000004,0.0
c9_storm2_u100_b1.00_r0.25,m1_alone,305,10,22639,22116,97.68982728919121,23331.785999999996,2333.1785999999997,0.0
c9_storm2_u100_b1.00_r0.25,m1_alone,306,10,22639,22156,97.86651353858386,21766.772800000006,2176.677280000001,0.0
c9_storm2_u100_b1.00_r0.25,m1_alone,307,10,22639,22132,97.76050178894828,21944.394400000005,2194.4394400000006,0.0
c9_storm2_u100_b1.00_r0.25,m1_alone,308,10,22639,22126,97.73399885153938,22647.435199999996,2264.7435199999995,0.0
c9_storm2_u100_b1.00_r0.25,m1_alone,309,10,22639,22126,97.73399885153938,22907.6968,2290.7696800000003,0.0
c9_storm2_u100_b1.00_r0.25,m1_alone,310,10,22639,22125,97.72958169530456,22534.536000000007,2253.4536000000007,0.0
c9_storm2_u100_b1.00_r0.25,oracle,301,10,22639,22314,98.5644242236848,18150.186800000003,1815.0186800000004,0.0
c9_storm2_u100_b1.00_r0.25,oracle,302,10,22639,22314,98.5644242236848,18150.186800000003,1815.0186800000004,0.0
c9_storm2_u100_b1.00_r0.25,oracle,303,10,22639,22314,98.5644242236848,18150.186800000003,1815.0186800000004,0.0
c9_storm2_u100_b1.00_r0.25,oracle,304,10,22639,22314,98.5644242236848,18150.186800000003,1815.0186800000004,0.0
c9_storm2_u100_b1.00_r0.25,oracle,305,10,22639,22314,98.5644242236848,18150.186800000003,1815.0186800000004,0.0
c9_storm2_u100_b1.00_r0.25,oracle,306,10,22639,22314,98.5644242236848,18150.186800000003,1815.0186800000004,0.0
c9_storm2_u100_b1.00_r0.25,oracle,307,10,22639,22314,98.5644242236848,18150.186800000003,1815.0186800000004,0.0
c9_storm2_u100_b1.00_r0.25,oracle,308,10,22639,22314,98.5644242236848,18150.186800000003,1815.0186800000004,0.0
c9_storm2_u100_b1.00_r0.25,oracle,309,10,22639,22314,98.5644242236848,18150.186800000003,1815.0186800000004,0.0
c9_storm2_u100_b1.00_r0.25,oracle,310,10,22639,22314,98.5644242236848,18150.186800000003,1815.0186800000004,0.0
c9_storm2_u90_b1.00_r0.25,rule,301,10,20259,19881,98.13416259440248,17520.024400000002,1752.0024400000002,0.0
c9_storm2_u90_b1.00_r0.25,rule,302,10,20259,19881,98.13416259440248,17520.024400000002,1752.0024400000002,0.0
c9_storm2_u90_b1.00_r0.25,rule,303,10,20259,19881,98.13416259440248,17520.024400000002,1752.0024400000002,0.0
c9_storm2_u90_b1.00_r0.25,rule_sup,301,10,20259,19914,98.29705316155783,16188.921199999997,1618.8921199999997,0.0
c9_storm2_u90_b1.00_r0.25,rule_sup,302,10,20259,19914,98.29705316155783,16188.921199999997,1618.8921199999997,0.0
c9_storm2_u90_b1.00_r0.25,rule_sup,303,10,20259,19914,98.29705316155783,16188.921199999997,1618.8921199999997,0.0
c9_storm2_u90_b1.00_r0.25,m0_alone,301,10,20259,19968,98.56360136235747,14436.450400000002,1443.64504,0.0
c9_storm2_u90_b1.00_r0.25,m0_alone,302,10,20259,19977,98.60802606249075,14259.853200000003,1425.9853200000002,0.0
c9_storm2_u90_b1.00_r0.25,m0_alone,303,10,20259,19970,98.57347351794265,14260.416,1426.0416,0.0
c9_storm2_u90_b1.00_r0.25,m0_sup,301,10,20259,19975,98.59815390690558,14319.646800000002,1431.9646800000003,0.0
c9_storm2_u90_b1.00_r0.25,m0_sup,302,10,20259,19980,98.6228342958685,14211.735600000004,1421.1735600000004,0.0
c9_storm2_u90_b1.00_r0.25,m0_sup,303,10,20259,19979,98.61789821807592,14122.311199999998,1412.23112,0.0
c9_storm2_u90_b1.00_r0.25,m1_alone,301,10,20259,19978,98.61296214028333,14409.6996,1440.96996,0.0
c9_storm2_u90_b1.00_r0.25,m1_alone,302,10,20259,19977,98.60802606249075,14755.3724,1475.53724,0.0
c9_storm2_u90_b1.00_r0.25,m1_alone,303,10,20259,19980,98.6228342958685,14483.4052,1448.34052,0.0
c9_storm2_u90_b1.00_r0.25,oracle,301,10,20259,19980,98.6228342958685,14316.216000000002,1431.6216000000002,0.0
c9_storm2_u90_b1.00_r0.25,oracle,302,10,20259,19980,98.6228342958685,14316.216000000002,1431.6216000000002,0.0
c9_storm2_u90_b1.00_r0.25,oracle,303,10,20259,19980,98.6228342958685,14316.216000000002,1431.6216000000002,0.0
c9_storm2_u100_b0.75_r0.25,rule,301,10,22639,21948,96.94774504174212,32301.952,3230.1952,0.0
c9_storm2_u100_b0.75_r0.25,rule,302,10,22639,21948,96.94774504174212,32301.952,3230.1952,0.0
c9_storm2_u100_b0.75_r0.25,rule,303,10,22639,21948,96.94774504174212,32301.952,3230.1952,0.0
c9_storm2_u100_b0.75_r0.25,rule_sup,301,10,22639,22074,97.50430672732895,24260.4564,2426.04564,0.0
c9_storm2_u100_b0.75_r0.25,rule_sup,302,10,22639,22074,97.50430672732895,24260.4564,2426.04564,0.0
c9_storm2_u100_b0.75_r0.25,rule_sup,303,10,22639,22074,97.50430672732895,24260.4564,2426.04564,0.0
c9_storm2_u100_b0.75_r0.25,m0_alone,301,10,22639,22223,98.16246300631653,20489.125200000002,2048.9125200000003,0.0
c9_storm2_u100_b0.75_r0.25,m0_alone,302,10,22639,22201,98.06528556915057,21406.746,2140.6746,0.0
c9_storm2_u100_b0.75_r0.25,m0_alone,303,10,22639,22186,97.99902822562834,21010.208000000002,2101.0208000000002,0.0
c9_storm2_u100_b0.75_r0.25,m0_sup,301,10,22639,22279,98.40982375546623,18286.8324,1828.6832399999998,0.0
c9_storm2_u100_b0.75_r0.25,m0_sup,302,10,22639,22282,98.42307522417067,18100.512000000002,1810.0512000000003,0.0
c9_storm2_u100_b0.75_r0.25,m0_sup,303,10,22639,22259,98.32148063076991,18789.868000000002,1878.9868000000001,0.0
c9_storm2_u100_b0.75_r0.25,m1_alone,301,10,22639,22233,98.2066345686647,20378.37,2037.837,0.0
c9_storm2_u100_b0.75_r0.25,m1_alone,302,10,22639,22235,98.21546888113433,20282.3588,2028.2358800000002,0.0
c9_storm2_u100_b0.75_r0.25,m1_alone,303,10,22639,22229,98.18896594372544,20687.2776,2068.72776,0.0
c9_storm2_u100_b0.75_r0.25,oracle,301,10,22639,22317,98.57767569238923,17898.032399999996,1789.8032399999997,0.0
c9_storm2_u100_b0.75_r0.25,oracle,302,10,22639,22317,98.57767569238923,17898.032399999996,1789.8032399999997,0.0
c9_storm2_u100_b0.75_r0.25,oracle,303,10,22639,22317,98.57767569238923,17898.032399999996,1789.8032399999997,0.0
