part,scope,campus,regime,u,size,beta,rho,seed,inst_id,n_wos,util_pool,util_worst,subsampled,rule,m0_alone,oracle,rule_sup,m0_sup,rule_sup_revfrac,rule_sup_orr,m0_sup_revfrac,m0_sup_orr
C,boundary_slack,9,replay,,150,1.0,0.25,302,c09_replay_150_0020,150,,,0,97.729600,97.729600,97.729600,97.729600,97.729600,0.2346,0.0000,0.2346,0.0000
C,boundary_slack,9,replay,,150,1.0,0.25,302,c09_replay_150_0021,150,,,0,264.000000,264.000000,264.000000,264.000000,264.000000,0.2500,0.0000,0.2500,0.0000
C,boundary_slack,9,replay,,150,1.0,0.25,302,c09_replay_150_0022,150,,,0,740.000000,740.000000,740.000000,740.000000,740.000000,0.2436,0.0000,0.2436,0.0000
C,boundary_slack,9,replay,,150,1.0,0.25,302,c09_replay_150_0023,150,,,0,440.000000,412.000000,412.000000,440.000000,412.000000,0.2448,0.0286,0.2448,0.0000
C,boundary_slack,9,replay,,150,1.0,0.25,302,c09_replay_150_0024,150,,,0,193.000000,193.000000,193.000000,193.000000,193.000000,0.2386,0.0000,0.2386,0.0000
C,boundary_slack,9,replay,,150,1.0,0.25,302,c09_replay_150_0025,150,,,0,165.000000,10.000000,0.000000,165.000000,10.000000,0.2517,0.0000,0.2517,0.0000
C,boundary_slack,9,replay,,150,1.0,0.25,302,c09_replay_150_0026,150,,,0,670.129600,654.396000,636.662400,673.729600,655.729600,0.2581,0.0833,0.2473,0.0435
C,boundary_slack,9,replay,,150,1.0,0.25,302,c09_replay_150_0027,150,,,0,40.000000,40.000000,40.000000,40.000000,40.000000,0.2500,0.0476,0.2500,0.0000
C,boundary_slack,9,replay,,150,1.0,0.25,302,c09_replay_150_0028,150,,,0,12.000000,12.000000,12.000000,12.000000,12.000000,0.2133,0.0000,0.2267,0.0000
C,boundary_slack,9,replay,,150,1.0,0.25,302,c09_replay_150_0029,150,,,0,0.000000,0.000000,0.000000,0.000000,0.000000,0.1972,0.0000,0.1972,0.0000
C,boundary_slack,9,replay,,150,1.0,0.25,301,c09_replay_150_0020,150,,,0,97.729600,97.729600,97.729600,97.729600,97.729600,0.2346,0.0000,0.2346,0.0000
C,boundary_slack,9,replay,,150,1.0,0.25,301,c09_replay_150_0021,150,,,0,264.000000,264.000000,264.000000,264.000000,264.000000,0.2500,0.0000,0.2500,0.0000
C,boundary_slack,9,replay,,150,1.0,0.25,301,c09_replay_150_0022,150,,,0,740.000000,740.000000,740.000000,740.000000,740.000000,0.2436,0.0000,0.2436,0.0000
C,boundary_slack,9,replay,,150,1.0,0.25,301,c09_replay_150_0023,150,,,0,440.000000,412.000000,412.000000,440.000000,412.000000,0.2448,0.0286,0.2448,0.0286
C,boundary_slack,9,replay,,150,1.0,0.25,301,c09_replay_150_0024,150,,,0,193.000000,193.000000,193.000000,193.000000,193.000000,0.2386,0.0000,0.2386,0.0000
C,boundary_slack,9,replay,,150,1.0,0.25,301,c09_replay_150_0025,150,,,0,165.000000,32.000000,0.000000,165.000000,32.000000,0.2517,0.0000,0.2517,0.0833
C,boundary_slack,9,replay,,150,1.0,0.25,301,c09_replay_150_0026,150,,,0,670.129600,665.996000,636.662400,673.729600,670.662400,0.2581,0.0833,0.2473,0.0435
C,boundary_slack,9,replay,,150,1.0,0.25,301,c09_replay_150_0027,150,,,0,40.000000,40.000000,40.000000,40.000000,40.000000,0.2500,0.0476,0.2500,0.0000
C,boundary_slack,9,replay,,150,1.0,0.25,301,c09_replay_150_0028,150,,,0,12.000000,12.000000,12.000000,12.000000,12.000000,0.2133,0.0000,0.2133,0.0000
C,boundary_slack,9,replay,,150,1.0,0.25,301,c09_replay_150_0029,150,,,0,0.000000,0.000000,0.000000,0.000000,0.000000,0.1972,0.0000,0.1972,0.0000
C,boundary_slack,9,replay,,150,1.0,0.25,303,c09_replay_150_0020,150,,,0,97.729600,97.729600,97.729600,97.729600,97.729600,0.2346,0.0000,0.2346,0.0000
C,boundary_slack,9,replay,,150,1.0,0.25,303,c09_replay_150_0021,150,,,0,264.000000,264.000000,264.000000,264.000000,264.000000,0.2500,0.0000,0.2500,0.0000
C,boundary_slack,9,replay,,150,1.0,0.25,303,c09_replay_150_0022,150,,,0,740.000000,740.000000,740.000000,740.000000,740.000000,0.2436,0.0000,0.2436,0.0000
C,boundary_slack,9,replay,,150,1.0,0.25,303,c09_replay_150_0023,150,,,0,440.000000,412.000000,412.000000,440.000000,412.000000,0.2448,0.0286,0.2517,0.0278
C,boundary_slack,9,replay,,150,1.0,0.25,303,c09_replay_150_0024,150,,,0,193.000000,193.000000,193.000000,193.000000,193.000000,0.2386,0.0000,0.2386,0.0000
C,boundary_slack,9,replay,,150,1.0,0.25,303,c09_replay_150_0025,150,,,0,165.000000,58.000000,0.000000,165.000000,58.000000,0.2517,0.0000,0.2517,0.0278
C,boundary_slack,9,replay,,150,1.0,0.25,303,c09_replay_150_0026,150,,,0,670.129600,650.396000,636.662400,673.729600,651.996000,0.2581,0.0833,0.2581,0.0417
C,boundary_slack,9,replay,,150,1.0,0.25,303,c09_replay_150_0027,150,,,0,40.000000,40.000000,40.000000,40.000000,40.000000,0.2500,0.0476,0.2500,0.0000
C,boundary_slack,9,replay,,150,1.0,0.25,303,c09_replay_150_0028,150,,,0,12.000000,12.000000,12.000000,12.000000,12.000000,0.2133,0.0000,0.2133,0.0000
C,boundary_slack,9,replay,,150,1.0,0.25,303,c09_replay_150_0029,150,,,0,0.000000,0.000000,0.000000,0.000000,0.000000,0.1972,0.0000,0.2113,0.0000
C,boundary_slack,9,replay,,400,1.0,0.25,302,c09_replay_400_0020,400,,,0,347.729600,347.729600,347.729600,347.729600,347.729600,0.2459,0.0000,0.2459,0.0000
C,boundary_slack,9,replay,,400,1.0,0.25,302,c09_replay_400_0021,400,,,0,290.000000,290.000000,290.000000,290.000000,290.000000,0.2514,0.0115,0.2514,0.0115
C,boundary_slack,9,replay,,400,1.0,0.25,302,c09_replay_400_0022,400,,,0,1897.732800,1897.732800,1913.732800,1913.732800,1913.732800,0.2537,0.0192,0.2537,0.0192
C,boundary_slack,9,replay,,400,1.0,0.25,302,c09_replay_400_0023,400,,,0,496.000000,458.400000,458.400000,496.000000,458.400000,0.2500,0.0130,0.2516,0.0253
C,boundary_slack,9,replay,,400,1.0,0.25,302,c09_replay_400_0024,400,,,0,675.533600,712.533600,454.533600,690.533600,462.533600,0.2500,0.0805,0.2500,0.0575
C,boundary_slack,9,replay,,400,1.0,0.25,302,c09_replay_400_0025,400,,,0,1069.863200,1053.329600,1029.062400,1070.129600,1049.329600,0.2489,0.0517,0.2489,0.0345
C,boundary_slack,9,replay,,400,1.0,0.25,302,c09_replay_400_0026,400,,,0,233.933200,233.933200,228.000000,228.000000,228.000000,0.2511,0.0345,0.2511,0.0172
C,boundary_slack,9,replay,,400,1.0,0.25,302,c09_replay_400_0027,400,,,0,28.000000,28.000000,28.000000,28.000000,28.000000,0.2260,0.0213,0.2260,0.0213
C,boundary_slack,9,replay,,400,1.0,0.25,302,c09_replay_400_0028,400,,,0,182.000000,182.000000,182.000000,182.000000,182.000000,0.2482,0.0143,0.2482,0.0143
C,boundary_slack,9,replay,,400,1.0,0.25,302,c09_replay_400_0029,400,,,0,364.000000,364.000000,364.000000,364.000000,364.000000,0.2400,0.0208,0.2400,0.0208
C,boundary_slack,9,replay,,400,1.0,0.25,301,c09_replay_400_0020,400,,,0,347.729600,347.729600,347.729600,347.729600,347.729600,0.2459,0.0000,0.2459,0.0000
C,boundary_slack,9,replay,,400,1.0,0.25,301,c09_replay_400_0021,400,,,0,290.000000,290.000000,290.000000,290.000000,290.000000,0.2514,0.0115,0.2514,0.0115
C,boundary_slack,9,replay,,400,1.0,0.25,301,c09_replay_400_0022,400,,,0,1897.732800,1897.732800,1913.732800,1913.732800,1913.732800,0.2537,0.0192,0.2537,0.0192
C,boundary_slack,9,replay,,400,1.0,0.25,301,c09_replay_400_0023,400,,,0,496.000000,462.400000,458.400000,496.000000,458.400000,0.2500,0.0130,0.2516,0.0380
C,boundary_slack,9,replay,,400,1.0,0.25,301,c09_replay_400_0024,400,,,0,675.533600,431.533600,454.533600,690.533600,410.533600,0.2500,0.0805,0.2500,0.0575
C,boundary_slack,9,replay,,400,1.0,0.25,301,c09_replay_400_0025,400,,,0,1069.863200,1077.462400,1029.062400,1070.129600,1051.729600,0.2489,0.0517,0.2489,0.0690
C,boundary_slack,9,replay,,400,1.0,0.25,301,c09_replay_400_0026,400,,,0,233.933200,238.000000,228.000000,228.000000,238.000000,0.2511,0.0345,0.2511,0.0000
C,boundary_slack,9,replay,,400,1.0,0.25,301,c09_replay_400_0027,400,,,0,28.000000,28.000000,28.000000,28.000000,28.000000,0.2260,0.0213,0.2260,0.0213
C,boundary_slack,9,replay,,400,1.0,0.25,301,c09_replay_400_0028,400,,,0,182.000000,182.000000,182.000000,182.000000,182.000000,0.2482,0.0143,0.2482,0.0143
C,boundary_slack,9,replay,,400,1.0,0.25,301,c09_replay_400_0029,400,,,0,364.000000,364.000000,364.000000,364.000000,364.000000,0.2400,0.0208,0.2400,0.0208
C,boundary_slack,10,replay,,150,1.0,0.25,301,c10_replay_150_0020,150,,,0,0.000000,0.000000,0.000000,0.000000,0.000000,0.2540,0.0000,0.2540,0.0000
C,boundary_slack,10,replay,,150,1.0,0.25,301,c10_replay_150_0021,150,,,0,0.000000,0.000000,0.000000,0.000000,0.000000,0.2517,0.0000,0.2517,0.0000
C,boundary_slack,10,replay,,150,1.0,0.25,301,c10_replay_150_0022,150,,,0,0.000000,0.000000,0.000000,0.000000,0.000000,0.2547,0.0000,0.2547,0.0000
C,boundary_slack,10,replay,,150,1.0,0.25,301,c10_replay_150_0023,150,,,0,60.000000,60.000000,60.000000,60.000000,60.000000,0.2556,0.0000,0.2556,0.0000
C,boundary_slack,10,replay,,150,1.0,0.25,301,c10_replay_150_0024,150,,,0,0.000000,0.000000,0.000000,0.000000,0.000000,0.2571,0.0000,0.2571,0.0000
C,boundary_slack,10,replay,,150,1.0,0.25,301,c10_replay_150_0025,150,,,0,0.000000,0.000000,0.000000,0.000000,0.000000,0.2520,0.0000,0.2520,0.0000
C,boundary_slack,10,replay,,150,1.0,0.25,301,c10_replay_150_0026,150,,,0,45.729600,45.729600,45.729600,45.729600,45.729600,0.2544,0.0000,0.2544,0.0000
C,boundary_slack,10,replay,,150,1.0,0.25,301,c10_replay_150_0027,150,,,0,0.000000,0.000000,0.000000,0.000000,0.000000,0.2500,0.0000,0.2500,0.0000
C,boundary_slack,10,replay,,150,1.0,0.25,301,c10_replay_150_0028,150,,,0,56.000000,56.000000,56.000000,56.000000,56.000000,0.2418,0.0000,0.2418,0.0000
C,boundary_slack,10,replay,,150,1.0,0.25,301,c10_replay_150_0029,150,,,0,0.000000,0.000000,0.000000,0.000000,0.000000,0.2500,0.0000,0.2500,0.0000
C,boundary_slack,9,replay,,400,1.0,0.25,303,c09_replay_400_0020,400,,,0,347.729600,347.729600,347.729600,347.729600,347.729600,0.2459,0.0000,0.2459,0.0000
C,boundary_slack,9,replay,,400,1.0,0.25,303,c09_replay_400_0021,400,,,0,290.000000,290.000000,290.000000,290.000000,290.000000,0.2514,0.0115,0.2514,0.0115
C,boundary_slack,9,replay,,400,1.0,0.25,303,c09_replay_400_0022,400,,,0,1897.732800,1897.732800,1913.732800,1913.732800,1913.732800,0.2537,0.0192,0.2537,0.0192
C,boundary_slack,9,replay,,400,1.0,0.25,303,c09_replay_400_0023,400,,,0,496.000000,462.400000,458.400000,496.000000,458.400000,0.2500,0.0130,0.2516,0.0253
C,boundary_slack,9,replay,,400,1.0,0.25,303,c09_replay_400_0024,400,,,0,675.533600,488.533600,454.533600,690.533600,481.533600,0.2500,0.0805,0.2500,0.0575
C,boundary_slack,9,replay,,400,1.0,0.25,303,c09_replay_400_0025,400,,,0,1069.863200,1054.796000,1029.062400,1070.129600,1053.063200,0.2489,0.0517,0.2489,0.0517
C,boundary_slack,9,replay,,400,1.0,0.25,303,c09_replay_400_0026,400,,,0,233.933200,233.933200,228.000000,228.000000,228.000000,0.2511,0.0345,0.2511,0.0172
C,boundary_slack,9,replay,,400,1.0,0.25,303,c09_replay_400_0027,400,,,0,28.000000,28.000000,28.000000,28.000000,28.000000,0.2260,0.0213,0.2260,0.0213
C,boundary_slack,9,replay,,400,1.0,0.25,303,c09_replay_400_0028,400,,,0,182.000000,182.000000,182.000000,182.000000,182.000000,0.2482,0.0143,0.2482,0.0143
C,boundary_slack,9,replay,,400,1.0,0.25,303,c09_replay_400_0029,400,,,0,364.000000,364.000000,364.000000,364.000000,364.000000,0.2400,0.0208,0.2400,0.0208
C,boundary_slack,10,replay,,150,1.0,0.25,302,c10_replay_150_0020,150,,,0,0.000000,0.000000,0.000000,0.000000,0.000000,0.2540,0.0000,0.2540,0.0000
C,boundary_slack,10,replay,,150,1.0,0.25,302,c10_replay_150_0021,150,,,0,0.000000,0.000000,0.000000,0.000000,0.000000,0.2517,0.0000,0.2517,0.0000
C,boundary_slack,10,replay,,150,1.0,0.25,302,c10_replay_150_0022,150,,,0,0.000000,0.000000,0.000000,0.000000,0.000000,0.2547,0.0000,0.2547,0.0000
C,boundary_slack,10,replay,,150,1.0,0.25,302,c10_replay_150_0023,150,,,0,60.000000,60.000000,60.000000,60.000000,60.000000,0.2556,0.0000,0.2556,0.0000
C,boundary_slack,10,replay,,150,1.0,0.25,302,c10_replay_150_0024,150,,,0,0.000000,0.000000,0.000000,0.000000,0.000000,0.2571,0.0000,0.2571,0.0000
C,boundary_slack,10,replay,,150,1.0,0.25,302,c10_replay_150_0025,150,,,0,0.000000,0.000000,0.000000,0.000000,0.000000,0.2520,0.0000,0.2520,0.0000
C,boundary_slack,10,replay,,150,1.0,0.25,302,c10_replay_150_0026,150,,,0,45.729600,45.729600,45.729600,45.729600,45.729600,0.2544,0.0000,0.2544,0.0000
C,boundary_slack,10,replay,,150,1.0,0.25,302,c10_replay_150_0027,150,,,0,0.000000,0.000000,0.000000,0.000000,0.000000,0.2500,0.0000,0.2500,0.0000
C,boundary_slack,10,replay,,150,1.0,0.25,302,c10_replay_150_0028,150,,,0,56.000000,56.000000,56.000000,56.000000,56.000000,0.2418,0.0000,0.2418,0.0000
C,boundary_slack,10,replay,,150,1.0,0.25,302,c10_replay_150_0029,150,,,0,0.000000,0.000000,0.000000,0.000000,0.000000,0.2500,0.0000,0.2500,0.0000
C,boundary_slack,10,replay,,150,1.0,0.25,303,c10_replay_150_0020,150,,,0,0.000000,0.000000,0.000000,0.000000,0.000000,0.2540,0.0000,0.2540,0.0000
C,boundary_slack,10,replay,,150,1.0,0.25,303,c10_replay_150_0021,150,,,0,0.000000,0.000000,0.000000,0.000000,0.000000,0.2517,0.0000,0.2517,0.0000
C,boundary_slack,10,replay,,150,1.0,0.25,303,c10_replay_150_0022,150,,,0,0.000000,0.000000,0.000000,0.000000,0.000000,0.2547,0.0000,0.2547,0.0000
C,boundary_slack,10,replay,,150,1.0,0.25,303,c10_replay_150_0023,150,,,0,60.000000,60.000000,60.000000,60.000000,60.000000,0.2556,0.0000,0.2556,0.0000
C,boundary_slack,10,replay,,150,1.0,0.25,303,c10_replay_150_0024,150,,,0,0.000000,0.000000,0.000000,0.000000,0.000000,0.2571,0.0000,0.2571,0.0000
C,boundary_slack,10,replay,,150,1.0,0.25,303,c10_replay_150_0025,150,,,0,0.000000,0.000000,0.000000,0.000000,0.000000,0.2520,0.0000,0.2520,0.0000
C,boundary_slack,10,replay,,150,1.0,0.25,303,c10_replay_150_0026,150,,,0,45.729600,45.729600,45.729600,45.729600,45.729600,0.2544,0.0000,0.2544,0.0000
C,boundary_slack,10,replay,,150,1.0,0.25,303,c10_replay_150_0027,150,,,0,0.000000,0.000000,0.000000,0.000000,0.000000,0.2500,0.0000,0.2500,0.0000
C,boundary_slack,10,replay,,150,1.0,0.25,303,c10_replay_150_0028,150,,,0,56.000000,56.000000,56.000000,56.000000,56.000000,0.2418,0.0000,0.2418,0.0000
C,boundary_slack,10,replay,,150,1.0,0.25,303,c10_replay_150_0029,150,,,0,0.000000,0.000000,0.000000,0.000000,0.000000,0.2500,0.0000,0.2500,0.0000
C,boundary_slack,10,replay,,400,1.0,0.25,302,c10_replay_400_0020,400,,,0,286.000000,286.000000,286.000000,286.000000,286.000000,0.2434,0.0000,0.2434,0.0000
C,boundary_slack,10,replay,,400,1.0,0.25,302,c10_replay_400_0021,400,,,0,102.624000,102.624000,102.624000,102.624000,102.624000,0.2428,0.0169,0.2428,0.0169
C,boundary_slack,10,replay,,400,1.0,0.25,302,c10_replay_400_0022,400,,,0,250.000000,250.000000,250.000000,250.000000,250.000000,0.2405,0.0000,0.2405,0.0000
C,boundary_slack,10,replay,,400,1.0,0.25,302,c10_replay_400_0023,400,,,0,794.918400,794.918400,794.918400,794.918400,794.918400,0.2500,0.0000,0.2463,0.0000
C,boundary_slack,10,replay,,400,1.0,0.25,302,c10_replay_400_0024,400,,,0,610.459200,610.459200,610.459200,610.459200,610.459200,0.2492,0.0000,0.2492,0.0000
C,boundary_slack,10,replay,,400,1.0,0.25,302,c10_replay_400_0025,400,,,0,18.000000,18.000000,18.000000,18.000000,18.000000,0.2474,0.0104,0.2474,0.0104
C,boundary_slack,10,replay,,400,1.0,0.25,302,c10_replay_400_0026,400,,,0,350.000000,350.000000,350.000000,350.000000,350.000000,0.2492,0.0133,0.2525,0.0000
C,boundary_slack,10,replay,,400,1.0,0.25,302,c10_replay_400_0027,400,,,0,121.000000,121.000000,121.000000,121.000000,121.000000,0.2391,0.0000,0.2391,0.0000
C,boundary_slack,10,replay,,400,1.0,0.25,302,c10_replay_400_0028,400,,,0,210.000000,210.000000,210.000000,210.000000,210.000000,0.2479,0.0000,0.2521,0.0000
C,boundary_slack,10,replay,,400,1.0,0.25,302,c10_replay_400_0029,400,,,0,0.000000,0.000000,0.000000,0.000000,0.000000,0.2520,0.0000,0.2500,0.0000
C,boundary_noleverage,12,storm2,100,,1.0,0.25,302,c12_storm2_w80_u100_0020,2693,1.0074178084677419,1.3065104228347137,0,9770.541200,9459.890600,9460.732000,9466.723200,9447.567200,0.2439,0.0411,0.2454,0.0102
C,boundary_noleverage,12,storm2,100,,1.0,0.25,302,c12_storm2_w80_u100_0021,2693,1.0074178084677419,1.3065104228347137,0,15184.168400,14936.466600,14789.644400,15003.710000,14803.216800,0.2497,0.0699,0.2503,0.0549
C,boundary_noleverage,12,storm2,100,,1.0,0.25,302,c12_storm2_w80_u100_0022,2693,1.0074178084677419,1.3065104228347137,0,14141.982000,14101.599200,14370.995800,14021.127600,14112.845800,0.2464,0.0532,0.2462,0.0363
C,boundary_noleverage,12,storm2,100,,1.0,0.25,302,c12_storm2_w80_u100_0023,2693,1.0074178084677419,1.3065104228347137,0,12024.478000,11817.643600,11958.480000,11913.301600,11810.453200,0.2480,0.0720,0.2495,0.0425
C,boundary_noleverage,12,storm2,100,,1.0,0.25,302,c12_storm2_w80_u100_0024,2693,1.0074178084677419,1.3065104228347137,0,13892.864400,13895.216800,13971.067200,13887.048800,13890.764400,0.2493,0.0354,0.2494,0.0177
C,boundary_noleverage,12,storm2,100,,1.0,0.25,302,c12_storm2_w80_u100_0025,2693,1.0074178084677419,1.3065104228347137,0,13380.141800,13232.751200,13162.478600,13334.258800,13183.596000,0.2500,0.0669,0.2496,0.0603
C,boundary_noleverage,12,storm2,100,,1.0,0.25,302,c12_storm2_w80_u100_0026,2693,1.0074178084677419,1.3065104228347137,0,12721.530000,12723.487200,12719.353800,12626.382400,12605.172800,0.2487,0.0676,0.2493,0.0674
C,boundary_noleverage,12,storm2,100,,1.0,0.25,302,c12_storm2_w80_u100_0027,2693,1.0074178084677419,1.3065104228347137,0,13586.274200,13683.133400,13840.699600,13524.348200,13681.560200,0.2469,0.0563,0.2456,0.0391
C,boundary_noleverage,12,storm2,100,,1.0,0.25,302,c12_storm2_w80_u100_0028,2693,1.0074178084677419,1.3065104228347137,0,12891.497600,12992.452600,12811.450800,12881.528200,12994.805200,0.2484,0.0259,0.2480,0.0388
C,boundary_noleverage,12,storm2,100,,1.0,0.25,302,c12_storm2_w80_u100_0029,2693,1.0074178084677419,1.3065104228347137,0,10864.221800,10894.622600,11185.982200,10850.865400,10881.718400,0.2479,0.0405,0.2480,0.0260
C,boundary_slack,10,replay,,400,1.0,0.25,301,c10_replay_400_0020,400,,,0,286.000000,286.000000,286.000000,286.000000,286.000000,0.2434,0.0000,0.2434,0.0000
C,boundary_slack,10,replay,,400,1.0,0.25,301,c10_replay_400_0021,400,,,0,102.624000,102.624000,102.624000,102.624000,102.624000,0.2428,0.0169,0.2428,0.0169
C,boundary_slack,10,replay,,400,1.0,0.25,301,c10_replay_400_0022,400,,,0,250.000000,250.000000,250.000000,250.000000,250.000000,0.2405,0.0000,0.2405,0.0000
C,boundary_slack,10,replay,,400,1.0,0.25,301,c10_replay_400_0023,400,,,0,794.918400,794.918400,794.918400,794.918400,794.918400,0.2500,0.0000,0.2500,0.0000
C,boundary_slack,10,replay,,400,1.0,0.25,301,c10_replay_400_0024,400,,,0,610.459200,610.459200,610.459200,610.459200,610.459200,0.2492,0.0000,0.2492,0.0000
C,boundary_slack,10,replay,,400,1.0,0.25,301,c10_replay_400_0025,400,,,0,18.000000,18.000000,18.000000,18.000000,18.000000,0.2474,0.0104,0.2474,0.0104
C,boundary_slack,10,replay,,400,1.0,0.25,301,c10_replay_400_0026,400,,,0,350.000000,350.000000,350.000000,350.000000,350.000000,0.2492,0.0133,0.2492,0.0133
C,boundary_slack,10,replay,,400,1.0,0.25,301,c10_replay_400_0027,400,,,0,121.000000,121.000000,121.000000,121.000000,121.000000,0.2391,0.0000,0.2391,0.0000
C,boundary_slack,10,replay,,400,1.0,0.25,301,c10_replay_400_0028,400,,,0,210.000000,210.000000,210.000000,210.000000,210.000000,0.2479,0.0000,0.2479,0.0000
C,boundary_slack,10,replay,,400,1.0,0.25,301,c10_replay_400_0029,400,,,0,0.000000,0.000000,0.000000,0.000000,0.000000,0.2520,0.0000,0.2520,0.0000
C,boundary_noleverage,12,storm2,100,,1.0,0.25,301,c12_storm2_w80_u100_0020,2693,1.0074178084677419,1.3065104228347137,0,9770.541200,9424.509600,9460.732000,9466.723200,9328.997600,0.2439,0.0411,0.2458,0.0204
C,boundary_noleverage,12,storm2,100,,1.0,0.25,301,c12_storm2_w80_u100_0021,2693,1.0074178084677419,1.3065104228347137,0,15184.168400,14876.368400,14789.644400,15003.710000,14780.573200,0.2497,0.0699,0.2489,0.0576
C,boundary_noleverage,12,storm2,100,,1.0,0.25,301,c12_storm2_w80_u100_0022,2693,1.0074178084677419,1.3065104228347137,0,14141.982000,14114.509400,14370.995800,14021.127600,14075.243800,0.2464,0.0532,0.2469,0.0390
C,boundary_noleverage,12,storm2,100,,1.0,0.25,301,c12_storm2_w80_u100_0023,2693,1.0074178084677419,1.3065104228347137,0,12024.478000,11819.804400,11958.480000,11913.301600,11781.481600,0.2480,0.0720,0.2489,0.0397
C,boundary_noleverage,12,storm2,100,,1.0,0.25,301,c12_storm2_w80_u100_0024,2693,1.0074178084677419,1.3065104228347137,0,13892.864400,13845.864400,13971.067200,13887.048800,13860.084400,0.2493,0.0354,0.2496,0.0266
C,boundary_noleverage,12,storm2,100,,1.0,0.25,301,c12_storm2_w80_u100_0025,2693,1.0074178084677419,1.3065104228347137,0,13380.141800,13222.685400,13162.478600,13334.258800,13109.861800,0.2500,0.0669,0.2498,0.0696
C,boundary_noleverage,12,storm2,100,,1.0,0.25,301,c12_storm2_w80_u100_0026,2693,1.0074178084677419,1.3065104228347137,0,12721.530000,12677.465400,12719.353800,12626.382400,12568.213800,0.2487,0.0676,0.2493,0.0376
C,boundary_noleverage,12,storm2,100,,1.0,0.25,301,c12_storm2_w80_u100_0027,2693,1.0074178084677419,1.3065104228347137,0,13586.274200,13686.206400,13840.699600,13524.348200,13725.622400,0.2469,0.0563,0.2472,0.0689
C,boundary_noleverage,12,storm2,100,,1.0,0.25,301,c12_storm2_w80_u100_0028,2693,1.0074178084677419,1.3065104228347137,0,12891.497600,12913.223000,12811.450800,12881.528200,12884.026200,0.2484,0.0259,0.2480,0.0292
C,boundary_noleverage,12,storm2,100,,1.0,0.25,301,c12_storm2_w80_u100_0029,2693,1.0074178084677419,1.3065104228347137,0,10864.221800,10849.074600,11185.982200,10850.865400,10794.806000,0.2479,0.0405,0.2460,0.0263
C,boundary_noleverage,12,storm2,100,,1.0,0.25,303,c12_storm2_w80_u100_0020,2693,1.0074178084677419,1.3065104228347137,0,9770.541200,9419.034800,9460.732000,9466.723200,9387.902800,0.2439,0.0411,0.2473,0.0068
C,boundary_noleverage,12,storm2,100,,1.0,0.25,303,c12_storm2_w80_u100_0021,2693,1.0074178084677419,1.3065104228347137,0,15184.168400,14865.594800,14789.644400,15003.710000,14753.852200,0.2497,0.0699,0.2480,0.0508
C,boundary_noleverage,12,storm2,100,,1.0,0.25,303,c12_storm2_w80_u100_0022,2693,1.0074178084677419,1.3065104228347137,0,14141.982000,14092.376800,14370.995800,14021.127600,14101.489400,0.2464,0.0532,0.2483,0.0332
C,boundary_noleverage,12,storm2,100,,1.0,0.25,303,c12_storm2_w80_u100_0023,2693,1.0074178084677419,1.3065104228347137,0,12024.478000,11843.702400,11958.480000,11913.301600,11840.750400,0.2480,0.0720,0.2500,0.0367
C,boundary_noleverage,12,storm2,100,,1.0,0.25,303,c12_storm2_w80_u100_0024,2693,1.0074178084677419,1.3065104228347137,0,13892.864400,13850.130800,13971.067200,13887.048800,13886.482400,0.2493,0.0354,0.2498,0.0206
C,boundary_noleverage,12,storm2,100,,1.0,0.25,303,c12_storm2_w80_u100_0025,2693,1.0074178084677419,1.3065104228347137,0,13380.141800,13165.522000,13162.478600,13334.258800,13106.842000,0.2500,0.0669,0.2494,0.0476
C,boundary_noleverage,12,storm2,100,,1.0,0.25,303,c12_storm2_w80_u100_0026,2693,1.0074178084677419,1.3065104228347137,0,12721.530000,12661.802000,12719.353800,12626.382400,12568.018400,0.2487,0.0676,0.2488,0.0649
C,boundary_noleverage,12,storm2,100,,1.0,0.25,303,c12_storm2_w80_u100_0027,2693,1.0074178084677419,1.3065104228347137,0,13586.274200,13666.744800,13840.699600,13524.348200,13663.582400,0.2469,0.0563,0.2458,0.0523
C,boundary_noleverage,12,storm2,100,,1.0,0.25,303,c12_storm2_w80_u100_0028,2693,1.0074178084677419,1.3065104228347137,0,12891.497600,13003.109600,12811.450800,12881.528200,12864.997000,0.2484,0.0259,0.2458,0.0291
C,boundary_noleverage,12,storm2,100,,1.0,0.25,303,c12_storm2_w80_u100_0029,2693,1.0074178084677419,1.3065104228347137,0,10864.221800,10829.523000,11185.982200,10850.865400,10876.810800,0.2479,0.0405,0.2471,0.0203
C,boundary_slack,10,replay,,400,1.0,0.25,303,c10_replay_400_0020,400,,,0,286.000000,286.000000,286.000000,286.000000,286.000000,0.2434,0.0000,0.2434,0.0000
C,boundary_slack,10,replay,,400,1.0,0.25,303,c10_replay_400_0021,400,,,0,102.624000,102.624000,102.624000,102.624000,102.624000,0.2428,0.0169,0.2428,0.0169
C,boundary_slack,10,replay,,400,1.0,0.25,303,c10_replay_400_0022,400,,,0,250.000000,250.000000,250.000000,250.000000,250.000000,0.2405,0.0000,0.2405,0.0000
C,boundary_slack,10,replay,,400,1.0,0.25,303,c10_replay_400_0023,400,,,0,794.918400,794.918400,794.918400,794.918400,794.918400,0.2500,0.0000,0.2500,0.0000
C,boundary_slack,10,replay,,400,1.0,0.25,303,c10_replay_400_0024,400,,,0,610.459200,610.459200,610.459200,610.459200,610.459200,0.2492,0.0000,0.2492,0.0000
C,boundary_slack,10,replay,,400,1.0,0.25,303,c10_replay_400_0025,400,,,0,18.000000,18.000000,18.000000,18.000000,18.000000,0.2474,0.0104,0.2474,0.0104
C,boundary_slack,10,replay,,400,1.0,0.25,303,c10_replay_400_0026,400,,,0,350.000000,350.000000,350.000000,350.000000,350.000000,0.2492,0.0133,0.2492,0.0133
C,boundary_slack,10,replay,,400,1.0,0.25,303,c10_replay_400_0027,400,,,0,121.000000,121.000000,121.000000,121.000000,121.000000,0.2391,0.0000,0.2391,0.0000
C,boundary_slack,10,replay,,400,1.0,0.25,303,c10_replay_400_0028,400,,,0,210.000000,210.000000,210.000000,210.000000,210.000000,0.2479,0.0000,0.2479,0.0000
C,boundary_slack,10,replay,,400,1.0,0.25,303,c10_replay_400_0029,400,,,0,0.000000,0.000000,0.000000,0.000000,0.000000,0.2520,0.0000,0.2520,0.0000
C,boundary_noleverage,5,storm2,100,,1.0,0.25,302,c05_storm2_w80_u100_0020,3386,1.0023865517241377,1.701384479166667,0,18301.766800,3359.248200,1940.314800,10167.795200,2877.328800,0.2499,0.1449,0.2414,0.0119
C,boundary_noleverage,5,storm2,100,,1.0,0.25,302,c05_storm2_w80_u100_0021,3386,1.0023865517241377,1.701384479166667,0,11774.936800,3501.190200,2136.717800,7436.642400,3126.286000,0.2500,0.1779,0.2452,0.0426
C,boundary_noleverage,5,storm2,100,,1.0,0.25,302,c05_storm2_w80_u100_0022,3386,1.0023865517241377,1.701384479166667,0,17550.393200,3422.501000,2452.801200,9645.080600,3018.974000,0.2491,0.2131,0.2446,0.0377
C,boundary_noleverage,5,storm2,100,,1.0,0.25,302,c05_storm2_w80_u100_0023,3386,1.0023865517241377,1.701384479166667,0,15525.027200,2200.013000,1667.725800,11425.426400,1980.817000,0.2501,0.1724,0.2453,0.0145
C,boundary_noleverage,5,storm2,100,,1.0,0.25,302,c05_storm2_w80_u100_0024,3386,1.0023865517241377,1.701384479166667,0,7681.381200,2970.021200,1806.350000,6296.976800,2744.848800,0.2504,0.0888,0.2480,0.0276
C,boundary_noleverage,5,storm2,100,,1.0,0.25,302,c05_storm2_w80_u100_0025,3386,1.0023865517241377,1.701384479166667,0,11878.617200,1419.031600,1044.260800,6458.806800,1103.576800,0.2485,0.2160,0.2459,0.0278
C,boundary_noleverage,5,storm2,100,,1.0,0.25,302,c05_storm2_w80_u100_0026,3386,1.0023865517241377,1.701384479166667,0,9302.819600,1799.365600,1421.085000,5613.801200,1650.526800,0.2500,0.1486,0.2461,0.0076
C,boundary_noleverage,5,storm2,100,,1.0,0.25,302,c05_storm2_w80_u100_0027,3386,1.0023865517241377,1.701384479166667,0,17659.073200,3528.052600,2335.445800,6940.224000,2658.662200,0.2466,0.2042,0.2458,0.0530
C,boundary_noleverage,5,storm2,100,,1.0,0.25,302,c05_storm2_w80_u100_0028,3386,1.0023865517241377,1.701384479166667,0,9292.812400,1428.316400,1018.524400,4060.213200,1069.951200,0.2458,0.2212,0.2448,0.0177
C,boundary_noleverage,5,storm2,100,,1.0,0.25,302,c05_storm2_w80_u100_0029,3386,1.0023865517241377,1.701384479166667,0,17787.565000,2413.435800,1977.676400,10479.788000,2361.453600,0.2490,0.2252,0.2403,0.0382
C,boundary_noleverage,5,storm2,100,,1.0,0.25,303,c05_storm2_w80_u100_0020,3386,1.0023865517241377,1.701384479166667,0,18301.766800,2688.989800,1940.314800,10167.795200,2353.279800,0.2499,0.1449,0.2450,0.0118
C,boundary_noleverage,5,storm2,100,,1.0,0.25,303,c05_storm2_w80_u100_0021,3386,1.0023865517241377,1.701384479166667,0,11774.936800,2726.142200,2136.717800,7436.642400,2427.754400,0.2500,0.1779,0.2462,0.0262
C,boundary_noleverage,5,storm2,100,,1.0,0.25,303,c05_storm2_w80_u100_0022,3386,1.0023865517241377,1.701384479166667,0,17550.393200,3139.090400,2452.801200,9645.080600,2910.845600,0.2491,0.2131,0.2450,0.0343
C,boundary_noleverage,5,storm2,100,,1.0,0.25,303,c05_storm2_w80_u100_0023,3386,1.0023865517241377,1.701384479166667,0,15525.027200,1999.215400,1667.725800,11425.426400,1856.818000,0.2501,0.1724,0.2430,0.0104
C,boundary_noleverage,5,storm2,100,,1.0,0.25,303,c05_storm2_w80_u100_0024,3386,1.0023865517241377,1.701384479166667,0,7681.381200,2166.142400,1806.350000,6296.976800,2181.640800,0.2504,0.0888,0.2433,0.0041
C,boundary_noleverage,5,storm2,100,,1.0,0.25,303,c05_storm2_w80_u100_0025,3386,1.0023865517241377,1.701384479166667,0,11878.617200,1284.795600,1044.260800,6458.806800,1034.529600,0.2485,0.2160,0.2465,0.0235
C,boundary_noleverage,5,storm2,100,,1.0,0.25,303,c05_storm2_w80_u100_0026,3386,1.0023865517241377,1.701384479166667,0,9302.819600,1684.373000,1421.085000,5613.801200,1588.774200,0.2500,0.1486,0.2454,0.0061
C,boundary_noleverage,5,storm2,100,,1.0,0.25,303,c05_storm2_w80_u100_0027,3386,1.0023865517241377,1.701384479166667,0,17659.073200,2630.809000,2335.445800,6940.224000,2081.214200,0.2466,0.2042,0.2465,0.0432
C,boundary_noleverage,5,storm2,100,,1.0,0.25,303,c05_storm2_w80_u100_0028,3386,1.0023865517241377,1.701384479166667,0,9292.812400,1103.422400,1018.524400,4060.213200,1025.874400,0.2458,0.2212,0.2450,0.0111
C,boundary_noleverage,5,storm2,100,,1.0,0.25,303,c05_storm2_w80_u100_0029,3386,1.0023865517241377,1.701384479166667,0,17787.565000,2407.573800,1977.676400,10479.788000,2406.585000,0.2490,0.2252,0.2391,0.0129
C,boundary_noleverage,5,storm2,100,,1.0,0.25,301,c05_storm2_w80_u100_0020,3386,1.0023865517241377,1.701384479166667,0,18301.766800,2867.302400,1940.314800,10167.795200,2412.055400,0.2499,0.1449,0.2455,0.0074
C,boundary_noleverage,5,storm2,100,,1.0,0.25,301,c05_storm2_w80_u100_0021,3386,1.0023865517241377,1.701384479166667,0,11774.936800,2608.046400,2136.717800,7436.642400,2279.397800,0.2500,0.1779,0.2420,0.0312
C,boundary_noleverage,5,storm2,100,,1.0,0.25,301,c05_storm2_w80_u100_0022,3386,1.0023865517241377,1.701384479166667,0,17550.393200,3303.331800,2452.801200,9645.080600,3096.795200,0.2491,0.2131,0.2444,0.0289
C,boundary_noleverage,5,storm2,100,,1.0,0.25,301,c05_storm2_w80_u100_0023,3386,1.0023865517241377,1.701384479166667,0,15525.027200,2410.337200,1667.725800,11425.426400,2207.474200,0.2501,0.1724,0.2457,0.0268
C,boundary_noleverage,5,storm2,100,,1.0,0.25,301,c05_storm2_w80_u100_0024,3386,1.0023865517241377,1.701384479166667,0,7681.381200,2151.083200,1806.350000,6296.976800,2149.650400,0.2504,0.0888,0.2422,0.0082
C,boundary_noleverage,5,storm2,100,,1.0,0.25,301,c05_storm2_w80_u100_0025,3386,1.0023865517241377,1.701384479166667,0,11878.617200,1310.636800,1044.260800,6458.806800,1123.171600,0.2485,0.2160,0.2456,0.0119
C,boundary_noleverage,5,storm2,100,,1.0,0.25,301,c05_storm2_w80_u100_0026,3386,1.0023865517241377,1.701384479166667,0,9302.819600,1923.948200,1421.085000,5613.801200,1812.624200,0.2500,0.1486,0.2453,0.0046
C,boundary_noleverage,5,storm2,100,,1.0,0.25,301,c05_storm2_w80_u100_0027,3386,1.0023865517241377,1.701384479166667,0,17659.073200,2992.781600,2335.445800,6940.224000,2559.480800,0.2466,0.2042,0.2465,0.0505
C,boundary_noleverage,5,storm2,100,,1.0,0.25,301,c05_storm2_w80_u100_0028,3386,1.0023865517241377,1.701384479166667,0,9292.812400,1368.533200,1018.524400,4060.213200,1077.042000,0.2458,0.2212,0.2450,0.0133
C,boundary_noleverage,5,storm2,100,,1.0,0.25,301,c05_storm2_w80_u100_0029,3386,1.0023865517241377,1.701384479166667,0,17787.565000,2375.364000,1977.676400,10479.788000,2270.636000,0.2490,0.2252,0.2392,0.0258
